topology,vnf1cpu,vnf2cpu,vnf3cpu,throughput
nx-sc-sq,0.16,0.64,0.64,134028.4
nx-sc-sq,0.16,0.64,1,131123.94
nx-sc-sq,0.64,0.16,1,71830.73
nx-sc-sq,1,0.16,0.32,70274.05
nx-sc-sq,0.32,0.64,0.64,289443.26
nx-sc-sq,0.16,0.16,0.64,74075.87
nx-sc-sq,1,0.16,0.32,71434.81
nx-sc-sq,0.32,0.32,1,160597.55
nx-sc-sq,1,0.16,0.32,73981
nx-sc-sq,0.32,1,0.32,278727.55
nx-sc-sq,0.64,0.16,0.64,71194.96
nx-sc-sq,0.64,0.64,0.16,180263.68
nx-sc-sq,0.16,0.16,1,74812.09
nx-sc-sq,0.32,1,1,297077.63
nx-sc-sq,1,0.32,0.32,159642.57
nx-sc-sq,1,0.16,0.32,71493.78
nx-sc-sq,0.16,1,0.64,132582.89
nx-sc-sq,0.32,0.32,0.32,161146.72
nx-sc-sq,1,0.32,0.64,163620.6
nx-sc-sq,1,0.32,0.32,164687.13
nx-sc-sq,0.64,0.32,0.64,159392.87
nx-sc-sq,0.32,1,0.32,288599.8
nx-sc-sq,0.32,1,0.64,285709.41
nx-sc-sq,0.16,0.32,0.32,130741.89
nx-sc-sq,0.32,0.16,0.16,69596.38
nx-sc-sq,0.32,1,0.16,181130.27
nx-sc-sq,0.16,0.64,0.32,134489.07
nx-sc-sq,0.16,0.32,1,132965.6
nx-sc-sq,0.32,0.16,0.64,72044.2
nx-sc-sq,0.32,0.16,0.64,70116.99
nx-sc-sq,0.16,0.64,1,135130.03
nx-sc-sq,0.64,0.32,1,163128.7
nx-sc-sq,0.64,0.64,0.32,336540.19
nx-sc-sq,0.16,0.32,0.32,131350.94
nx-sc-sq,0.64,1,0.16,188142
nx-sc-sq,0.32,0.64,0.32,290834.13
nx-sc-sq,0.32,0.64,0.32,282546.3
nx-sc-sq,0.32,0.16,1,71842.78
nx-sc-sq,0.32,0.32,1,159865.34
nx-sc-sq,0.32,0.64,0.32,284370.94
nx-sc-sq,0.64,0.16,0.64,68889.68
nx-sc-sq,0.16,0.32,0.16,130940.72
nx-sc-sq,0.32,0.16,0.64,68675.79
nx-sc-sq,0.32,0.16,0.32,71658.71
nx-sc-sq,0.32,0.16,0.32,69595.41
nx-sc-sq,0.16,0.64,0.64,113296.77
nx-sc-sq,0.32,0.32,0.64,157477.3
nx-sc-sq,1,0.16,0.32,72739.98
nx-sc-sq,0.16,0.16,0.16,73261.18
nx-sc-sq,0.16,0.32,0.16,140930.38
nx-sc-sq,0.32,0.16,1,72035.26
nx-sc-sq,0.32,0.64,0.32,281720.55
nx-sc-sq,0.32,1,0.64,275494.86
nx-sc-sq,0.32,0.32,1,157468.03
nx-sc-sq,0.16,1,0.64,141305.85
nx-sc-sq,0.32,0.32,0.16,162653.32
nx-sc-sq,1,1,0.16,183440.77
nx-sc-sq,0.64,0.16,0.32,72046.34
nx-sc-sq,0.16,1,0.16,145047.45
nx-sc-sq,0.64,0.16,0.64,72836.07
nx-sc-sq,0.64,0.64,0.16,182805.8
nx-sc-sq,0.64,0.64,1,346651.56
nx-sc-sq,1,1,0.16,181453.25
nx-sc-sq,0.64,0.16,0.16,73670.35
nx-sc-sq,0.32,0.32,0.64,157075.93
nx-sc-sq,0.32,0.64,0.16,180608.52
nx-sc-sq,0.16,0.32,1,131764.15
nx-sc-sq,1,0.32,0.32,160122.82
nx-sc-sq,0.16,0.64,1,135876.13
nx-sc-sq,0.32,1,0.32,201771.04
nx-sc-sq,0.16,0.64,0.32,131352.72
nx-sc-sq,1,0.64,0.16,182793.49
nx-sc-sq,0.16,1,0.16,129926.39
nx-sc-sq,1,0.64,0.16,184290.07
nx-sc-sq,1,0.16,0.16,72150.28
nx-sc-sq,0.16,0.16,0.64,73248.8
nx-sc-sq,1,1,0.64,457469.79
nx-sc-sq,0.16,1,0.32,138252.97
nx-sc-sq,1,1,1,461700.57
nx-sc-sq,0.32,0.32,1,159377.72
nx-sc-sq,1,0.32,1,156265.93
nx-sc-sq,0.64,0.64,1,343133.39
nx-sc-sq,0.64,1,0.64,409126.7
nx-sc-sq,0.64,1,1,432006.06
nx-sc-sq,0.32,0.64,1,289038.45
nx-sc-sq,0.32,1,0.32,278254.19
nx-sc-sq,1,0.64,0.32,343214.21
nx-sc-sq,1,0.64,0.64,340939.61
nx-sc-sq,0.16,0.32,0.64,136217.94
nx-sc-sq,0.16,1,0.64,138004.81
nx-sc-sq,0.64,0.64,0.64,337221.04
nx-sc-sq,0.64,1,0.32,412123.87
nx-sc-sq,1,0.16,0.64,70587.35
nx-sc-sq,1,0.64,1,352883.27
nx-sc-sq,0.64,0.64,1,344851.28
nx-sc-sq,0.16,0.16,1,72831.39
nx-sc-sq,0.64,0.16,0.16,70533.23
nx-sc-sq,0.16,0.64,0.64,136239.37
nx-sc-sq,0.64,0.64,0.16,181391.91
nx-sc-sq,0.16,0.64,1,132155.51
nx-sc-sq,0.16,1,0.64,134485.96
nx-sc-sq,0.32,0.32,0.16,159407.25
nx-sc-sq,0.64,0.32,1,164370.7
nx-sc-sq,1,0.64,0.16,186043.66
nx-sc-sq,0.64,0.16,0.32,70289.85
nx-sc-sq,0.64,0.64,0.16,183965.03
nx-sc-sq,0.16,0.32,0.64,137565.25
nx-sc-sq,0.16,0.64,1,125408.56
nx-sc-sq,1,0.32,0.64,158938.62
nx-sc-sq,0.32,1,0.16,180246.47
nx-sc-sq,0.32,1,1,293201.35
nx-sc-sq,1,1,0.16,179983.22
nx-sc-sq,1,0.64,0.64,339339.5
nx-sc-sq,1,1,1,450820.75
nx-sc-sq,0.32,1,0.64,287966.31
nx-sc-sq,0.64,0.32,0.16,158006.75
nx-sc-sq,1,0.16,1,70984.53
nx-sc-sq,1,0.64,1,348773.54
nx-sc-sq,0.16,1,1,132566.79
nx-sc-sq,0.16,0.16,0.32,69888.44
nx-sc-sq,0.16,1,0.32,141546
nx-sc-sq,0.32,0.64,0.32,281280.07
nx-sc-sq,0.32,0.16,0.64,73354.2
nx-sc-sq,0.32,0.16,0.64,73663.93
nx-sc-sq,0.64,1,0.64,433295.14
nx-sc-sq,0.64,0.32,0.32,164701.07
nx-sc-sq,0.16,0.32,0.16,134916.58
nx-sc-sq,0.16,0.32,0.16,133226.77
nx-sc-sq,0.32,0.16,0.32,72746.7
nx-sc-sq,0.16,0.64,0.16,139410.03
nx-sc-sq,0.32,0.16,0.16,71464.17
nx-sc-sq,0.64,1,0.16,182229.53
nx-sc-sq,0.16,0.16,0.32,72142.7
nx-sc-sq,0.32,0.64,0.64,284804.23
nx-sc-sq,1,0.16,1,71289.4
nx-sc-sq,0.16,0.32,0.64,141321.17
nx-sc-sq,1,1,0.64,461766.39
nx-sc-sq,1,0.16,0.64,71747.24
nx-sc-sq,0.64,0.32,0.16,162606.93
nx-sc-sq,0.16,0.32,0.32,134509.17
nx-sc-sq,0.32,0.32,0.16,157053.61
nx-sc-sq,0.32,1,1,287360.99
nx-sc-sq,0.16,0.32,0.16,146143.47
nx-sc-sq,1,0.16,0.16,71725.19
nx-sc-sq,0.32,1,1,270698.01
nx-sc-sq,1,0.16,0.32,69608.16
nx-sc-sq,0.64,1,0.64,438309.6
nx-sc-sq,1,0.32,0.32,166478.86
nx-sc-sq,0.16,0.32,0.32,132583.76
nx-sc-sq,0.16,1,0.16,130538
nx-sc-sq,0.16,0.16,1,73037.96
nx-sc-sq,0.16,1,0.64,140264.95
nx-sc-sq,0.64,0.16,1,71733.28
nx-sc-sq,0.32,0.64,0.64,288932.71
nx-sc-sq,0.16,0.16,0.32,74085.03
nx-sc-sq,0.32,0.64,1,280764.42
nx-sc-sq,0.16,0.16,0.16,71223.8
nx-sc-sq,0.64,1,0.32,400438.47
nx-sc-sq,0.16,0.32,1,124112.76
nx-sc-sq,0.16,0.32,1,127511.61
nx-sc-sq,1,0.64,0.64,343913.87
nx-sc-sq,0.32,0.32,0.32,161606.25
nx-sc-sq,0.32,0.64,0.64,213311.09
nx-sc-sq,0.64,0.64,1,340528.52
nx-sc-sq,0.32,0.32,1,158637.19
nx-sc-sq,0.64,1,0.32,401534.87
nx-sc-sq,0.32,0.32,0.16,161869.75
nx-sc-sq,0.16,0.32,0.32,136245.61
nx-sc-sq,0.32,1,0.64,285737.12
nx-sc-sq,0.32,0.16,1,74487
nx-sc-sq,0.32,0.16,0.16,71842.8
nx-sc-sq,1,0.32,0.16,163092.62
nx-sc-sq,0.16,0.16,1,75233.79
nx-sc-sq,0.64,1,1,432645.16
nx-sc-sq,1,0.64,0.16,187351.69
nx-sc-sq,1,0.64,1,332749.51
nx-sc-sq,0.32,0.64,1,288254.54
nx-sc-sq,0.64,0.32,0.16,158935.8
nx-sc-sq,0.64,0.16,0.64,69588.18
nx-sc-sq,1,0.32,1,158637.32
nx-sc-sq,0.32,0.64,0.64,256630.99
nx-sc-sq,1,0.16,0.16,72348.47
nx-sc-sq,1,0.16,1,72529.24
nx-sc-sq,0.64,0.64,0.16,181943.34
nx-sc-sq,1,0.16,0.16,74612.71
nx-sc-sq,0.64,0.64,0.32,336729.81
nx-sc-sq,0.16,0.16,0.16,71208.89
nx-sc-sq,0.16,0.16,0.64,72431.06
nx-sc-sq,1,0.32,0.32,159183.54
nx-sc-sq,1,0.32,0.16,156816.49
nx-sc-sq,0.16,0.16,0.16,73358.33
nx-sc-sq,1,0.16,0.16,73010.48
nx-sc-sq,1,0.16,0.16,70181.4
nx-sc-sq,0.16,0.64,0.64,134064.9
nx-sc-sq,1,1,0.64,456681.15
nx-sc-sq,0.64,0.16,0.32,71568.1
nx-sc-sq,0.16,0.64,0.32,121375.45
nx-sc-sq,1,0.32,0.64,161558.25
nx-sc-sq,0.16,0.32,0.64,134728.09
nx-sc-sq,1,1,0.64,448911.11
nx-sc-sq,0.32,1,1,290090.85
nx-sc-sq,0.32,0.64,0.16,182840.67
nx-sc-sq,0.64,0.16,0.16,73455.16
nx-sc-sq,0.32,0.32,0.16,162613.14
nx-sc-sq,0.64,0.64,0.64,341491.26
nx-sc-sq,1,1,1,451898.89
nx-sc-sq,1,0.64,0.16,183134.11
nx-sc-sq,1,1,0.32,419129.21
nx-sc-sq,0.32,0.64,0.32,290893.63
nx-sc-sq,0.64,0.32,0.16,158225.83
nx-sc-sq,0.16,0.64,0.16,122204.78
nx-sc-sq,1,1,0.32,417949.17
nx-sc-sq,1,0.16,0.64,70569.28
nx-sc-sq,0.16,1,0.16,118829.82
nx-sc-sq,0.64,1,0.16,181920.25
nx-sc-sq,0.16,0.16,0.32,72952.9
nx-sc-sq,1,0.32,0.16,167535.9
nx-sc-sq,0.64,0.32,0.16,161123.19
nx-sc-sq,0.64,0.16,0.16,74401.62
nx-sc-sq,0.32,0.64,0.64,292718.65
nx-sc-sq,0.64,0.32,0.32,154290.74
nx-sc-sq,0.32,0.32,0.16,159659.55
nx-sc-sq,0.16,0.64,0.32,127162.98
nx-sc-sq,0.16,0.32,0.32,131353.82
nx-sc-sq,0.64,0.64,0.64,329357.66
nx-sc-sq,0.16,0.64,0.64,135766.53
nx-sc-sq,0.32,0.16,1,72533.45
nx-sc-sq,1,0.16,0.64,71738.98
nx-sc-sq,1,0.64,0.32,344396.53
nx-sc-sq,0.16,1,0.16,130322.8
nx-sc-sq,1,0.64,0.32,355673.46
nx-sc-sq,0.64,0.16,1,74496.17
nx-sc-sq,0.32,0.32,0.32,162325.49
nx-sc-sq,0.32,0.64,0.16,178018.96
nx-sc-sq,0.16,1,1,129950.71
nx-sc-sq,1,0.32,0.16,161363.97
nx-sc-sq,1,0.64,0.16,186337.19
nx-sc-sq,0.64,0.16,0.32,72441.86
nx-sc-sq,1,1,0.32,424732.31
nx-sc-sq,0.64,0.32,0.32,155826.47
nx-sc-sq,0.32,0.32,1,160147
nx-sc-sq,0.32,1,1,271088.45
nx-sc-sq,0.64,1,0.64,443981.27
nx-sc-sq,1,0.32,0.32,159144.39
nx-sc-sq,0.32,0.64,0.16,180881.77
nx-sc-sq,0.16,0.64,1,134703.39
nx-sc-sq,0.16,1,1,133706.89
nx-sc-sq,1,0.64,1,335008.33
nx-sc-sq,0.32,0.64,1,274145.06
nx-sc-sq,1,0.16,0.64,73350.31
nx-sc-sq,0.32,0.16,1,71268.08
nx-sc-sq,1,1,1,451634.75
nx-sc-sq,0.16,0.16,0.32,72040.72
nx-sc-sq,0.32,0.32,0.16,162860.93
nx-sc-sq,0.32,0.64,0.32,284368.81
nx-sc-sq,0.16,0.64,1,136427.64
nx-sc-sq,0.16,0.16,1,73660.67
nx-sc-sq,1,0.16,0.64,69860.96
nx-sc-sq,1,0.64,0.64,359888.56
nx-sc-sq,0.64,0.32,1,156853.72
nx-sc-sq,0.32,0.16,0.16,70434.4
nx-sc-sq,0.32,1,1,277486.87
nx-sc-sq,0.64,1,0.16,182270.88
nx-sc-sq,0.64,1,1,428093.26
nx-sc-sq,1,0.64,0.16,182520.18
nx-sc-sq,1,0.32,0.16,160403.04
nx-sc-sq,1,1,0.16,180563.93
nx-sc-sq,0.16,0.64,1,136218.42
nx-sc-sq,0.16,0.16,1,71937.52
nx-sc-sq,0.32,1,0.16,181751.15
nx-sc-sq,0.64,0.64,0.32,339205.76
nx-sc-sq,0.64,0.16,0.64,71550.43
nx-sc-sq,0.16,0.16,1,70778.48
nx-sc-sq,0.32,1,0.32,288029.25
nx-sc-sq,0.64,0.32,0.32,159161.72
nx-sc-sq,0.16,1,1,135337.6
nx-sc-sq,0.16,0.64,1,138017.62
nx-sc-sq,1,0.64,0.32,341501.66
nx-sc-sq,0.64,1,0.16,183466.24
nx-sc-sq,0.32,0.64,0.32,297320.41
nx-sc-sq,1,0.64,1,342683.79
nx-sc-sq,1,0.32,0.16,166212.6
nx-sc-sq,1,0.32,0.64,159624.67
nx-sc-sq,0.64,0.16,0.64,70809.39
nx-sc-sq,0.16,0.32,0.32,135138.96
nx-sc-sq,0.16,0.64,0.16,133631.82
nx-sc-sq,1,1,0.32,418480.88
nx-sc-sq,0.32,0.64,1,204968.79
nx-sc-sq,0.32,1,0.32,299234.68
nx-sc-sq,0.64,0.32,0.16,161409.08
nx-sc-sq,0.16,0.64,0.64,132354.27
nx-sc-sq,0.16,1,0.32,135365.79
nx-sc-sq,1,0.16,0.16,70951.3
nx-sc-sq,0.32,0.64,0.16,179155.46
nx-sc-sq,0.64,0.64,0.32,339795.92
nx-sc-sq,0.16,0.64,0.16,139259.11
nx-sc-sq,0.32,0.16,0.16,73359.42
nx-sc-sq,0.64,0.32,0.32,159869.84
nx-sc-sq,0.32,1,0.32,278859.69
nx-sc-sq,1,1,1,456678.65
nx-sc-sq,0.64,0.32,0.64,165437.22
nx-sc-sq,1,0.64,1,343102.88
nx-sc-sq,1,1,1,457911.74
nx-sc-sq,0.16,0.16,0.16,73874.41
nx-sc-sq,0.16,0.32,1,143224.54
nx-sc-sq,0.16,0.16,0.16,71749.77
nx-sc-sq,1,0.32,1,162450.64
nx-sc-sq,0.16,1,0.64,136878.47
nx-sc-sq,0.32,1,1,278792.58
nx-sc-sq,0.16,0.16,0.16,71856.76
nx-sc-sq,1,0.32,0.64,160393.57
nx-sc-sq,0.64,1,1,603815.88
nx-sc-sq,0.32,1,0.64,235614.69
nx-sc-sq,0.64,1,0.64,429572.03
nx-sc-sq,1,0.64,0.16,183685.67
nx-sc-sq,0.32,0.16,1,73251.71
nx-sc-sq,0.16,0.32,0.64,131930.39
nx-sc-sq,0.32,0.32,0.32,159367.34
nx-sc-sq,1,0.64,0.64,351852.52
nx-sc-sq,0.16,1,0.16,145026.87
nx-sc-sq,0.64,0.64,1,336133.88
nx-sc-sq,1,1,0.64,451066.07
nx-sc-sq,0.64,0.64,1,340146.85
nx-sc-sq,0.32,0.32,0.16,158223.43
nx-sc-sq,0.64,1,0.32,396182.13
nx-sc-sq,0.64,0.64,0.32,333824.9
nx-sc-sq,0.32,1,0.64,280814.92
nx-sc-sq,1,1,0.16,182526.1
nx-sc-sq,0.16,0.16,0.16,73570.38
nx-sc-sq,0.64,1,1,381415.82
nx-sc-sq,0.16,0.32,0.64,144104.48
nx-sc-sq,0.32,0.64,0.32,306956.92
nx-sc-sq,0.64,0.32,1,161091.16
nx-sc-sq,0.32,1,0.16,179437.05
nx-sc-sq,0.16,0.64,1,126735.18
nx-sc-sq,0.64,0.16,1,71438.85
nx-sc-sq,1,0.32,0.32,160105.19
nx-sc-sq,0.16,0.16,1,72432.45
nx-sc-sq,1,0.32,0.16,155044.06
nx-sc-sq,0.16,0.64,0.16,136906.13
nx-sc-sq,0.16,1,0.16,133861.6
nx-sc-sq,0.64,0.32,0.64,161862.55
nx-sc-sq,1,1,0.16,187330.64
nx-sc-sq,0.32,1,0.64,288919.87
nx-sc-sq,0.64,1,0.64,436280.75
nx-sc-sq,0.32,0.16,0.64,68891.72
nx-sc-sq,0.16,0.64,0.64,134051.94
nx-sc-sq,0.64,0.32,0.32,162393.39
nx-sc-sq,0.64,1,1,422717.05
nx-sc-sq,0.64,1,0.32,398859.16
nx-sc-sq,0.16,0.32,1,124678.77
nx-sc-sq,1,0.64,0.64,339303.67
nx-sc-sq,0.32,0.16,1,71746.12
nx-sc-sq,1,0.32,1,162801.25
nx-sc-sq,0.32,0.16,0.32,72751.22
nx-sc-sq,0.16,1,0.32,111102.71
nx-sc-sq,0.16,1,1,130302.58
nx-sc-sq,0.64,1,1,438165.17
nx-sc-sq,0.16,0.64,0.64,133204.71
nx-sc-sq,0.32,0.64,0.16,180025.61
nx-sc-sq,0.32,0.64,0.16,179164.94
nx-sc-sq,0.64,1,0.32,334075.37
nx-sc-sq,0.32,0.64,1,281712.32
nx-sc-sq,0.64,0.64,0.32,344471.97
nx-sc-sq,1,1,0.64,453906.98
nx-sc-sq,0.64,0.32,0.64,163080.38
nx-sc-sq,0.64,1,1,352984.31
nx-sc-sq,0.64,0.32,0.16,160902.01
nx-sc-sq,0.16,0.32,0.64,132548.84
nx-sc-sq,0.32,1,0.16,180280.65
nx-sc-sq,0.64,1,0.16,183672.11
nx-sc-sq,1,1,0.16,181392.64
nx-sc-sq,1,0.32,1,154470.27
nx-sc-sq,0.16,1,0.64,119015.38
nx-sc-sq,0.32,0.16,0.16,71068.21
nx-sc-sq,0.16,1,0.16,126009.18
nx-sc-sq,0.16,0.64,0.16,128530
nx-sc-sq,1,0.32,0.64,159875.19
nx-sc-sq,0.32,0.16,0.64,69702.09
nx-sc-sq,1,1,0.32,426977.01
nx-sc-sq,0.64,0.64,0.32,343679.36
nx-sc-sq,0.64,0.32,0.64,163368.07
nx-sc-sq,0.16,0.32,0.16,131125.17
nx-sc-sq,0.32,1,0.16,179763.61
nx-sc-sq,1,0.16,0.32,72554.44
nx-sc-sq,0.32,0.64,1,285202.56
nx-sc-sq,1,0.16,1,70878.58
nx-sc-sq,0.32,0.32,0.64,157070.96
nx-sc-sq,1,0.16,0.64,71943.88
nx-sc-sq,0.64,0.64,1,341053.88
nx-sc-sq,0.32,0.32,0.64,159421.8
nx-sc-sq,0.64,0.16,0.64,72642.23
nx-sc-sq,0.32,0.32,0.16,162839.27
nx-sc-sq,0.64,0.64,0.32,346507.76
nx-sc-sq,0.32,0.64,0.32,231647.78
nx-sc-sq,0.16,0.32,0.64,137552.77
nx-sc-sq,0.64,0.16,0.16,72444.27
nx-sc-sq,0.64,1,0.16,182513.11
nx-sc-sq,0.32,0.64,1,291349.74
nx-sc-sq,1,0.16,1,71485.33
nx-sc-sq,0.32,0.32,0.32,155809.01
nx-sc-sq,0.64,0.64,0.64,338119.14
nx-sc-sq,0.32,0.32,0.32,156289.18
nx-sc-sq,0.32,0.32,0.64,155505.4
nx-sc-sq,0.32,0.32,1,160386.16
nx-sc-sq,0.32,0.16,0.32,71543.94
nx-sc-sq,0.32,0.32,0.64,158659.81
nx-sc-sq,0.64,0.32,0.64,161141.58
nx-sc-sq,0.64,1,0.16,180504.55
nx-sc-sq,1,0.32,1,163843.54
nx-sc-sq,0.32,0.16,0.32,72345.64
nx-sc-sq,0.64,0.64,0.64,344728.33
nx-sc-sq,1,1,1,450517.17
nx-sc-sq,0.16,0.16,0.64,71388.39
nx-sc-sq,0.64,0.16,0.64,70863.71
nx-sc-sq,0.16,1,1,135350.38
nx-sc-sq,0.64,0.32,1,157504.05
nx-sc-sq,1,0.16,0.64,72940.54
nx-sc-sq,0.16,1,0.64,140251.71
nx-sc-sq,0.16,0.32,0.64,136435.21
nx-sc-sq,0.16,1,0.32,135139.93
nx-sc-sq,0.64,0.64,0.16,191354.31
nx-sc-sq,0.64,1,1,392634.2
nx-sc-sq,0.32,1,0.64,234871.83
nx-sc-sq,0.16,0.64,0.32,119609.06
nx-sc-sq,0.32,0.64,0.64,277308.25
nx-sc-sq,0.64,0.16,0.64,75249.75
nx-sc-sq,0.16,0.64,0.32,130528.96
nx-sc-sq,1,0.32,0.32,160100.13
nx-sc-sq,1,0.16,1,73340.78
nx-sc-sq,1,0.16,1,72236.04
nx-sc-sq,0.64,1,0.64,426195.28
nx-sc-sq,0.64,0.64,0.64,348833.6
nx-sc-sq,0.64,0.64,1,334659.28
nx-sc-sq,0.16,0.16,1,71649.05
nx-sc-sq,0.64,0.64,0.64,339391.94
nx-sc-sq,1,1,0.32,419710.92
nx-sc-sq,0.16,0.16,0.64,71848.57
nx-sc-sq,0.64,0.32,0.64,163112.93
nx-sc-sq,0.32,0.16,0.16,69828.71
nx-sc-sq,0.16,0.32,0.32,141326.35
nx-sc-sq,0.64,0.16,0.64,73250.09
nx-sc-sq,0.32,1,0.16,182898.78
nx-sc-sq,1,0.16,0.16,69586.89
nx-sc-sq,0.64,1,0.64,477581.26
nx-sc-sq,1,1,0.32,427434.96
nx-sc-sq,0.16,1,1,136874.21
nx-sc-sq,0.64,1,1,437762.06
nx-sc-sq,0.32,1,0.32,281284.54
nx-sc-sq,1,0.32,0.32,157061.39
nx-sc-sq,0.64,0.32,0.32,158664.31
nx-sc-sq,0.64,0.32,1,168061.97
nx-sc-sq,1,0.32,0.16,158185.64
nx-sc-sq,1,0.64,0.64,349490.41
nx-sc-sq,1,1,0.32,421582.48
nx-sc-sq,1,1,0.64,452794.08
nx-sc-sq,1,0.32,0.64,159606.37
nx-sc-sq,0.16,0.64,0.16,133835.45
nx-sc-sq,0.32,0.16,0.64,72837.14
nx-sc-sq,0.64,0.32,0.64,160631.72
nx-sc-sq,0.64,0.64,0.64,331049.32
nx-sc-sq,0.32,0.32,0.64,163077
nx-sc-sq,1,1,0.16,182220.21
nx-sc-sq,0.32,1,0.64,283069.19
nx-sc-sq,0.16,1,0.32,135814.57
nx-sc-sq,0.32,0.64,0.64,280709.11
nx-sc-sq,0.32,1,0.16,181419.58
nx-sc-sq,0.32,0.32,1,164356.79
nx-sc-sq,0.32,0.32,0.64,161112.13
nx-sc-sq,0.64,0.16,1,70716.87
nx-sc-sq,0.32,0.16,0.32,73772.63
nx-sc-sq,0.32,0.64,0.16,179457.88
nx-sc-sq,0.32,1,1,295611.82
nx-sc-sq,0.16,0.16,0.32,75363.02
nx-sc-sq,0.16,0.32,1,116000.29
nx-sc-sq,0.16,0.16,0.32,71455.06
nx-sc-sq,1,0.32,0.64,165722.5
nx-sc-sq,0.32,1,0.16,181658.18
nx-sc-sq,0.32,1,0.16,181442.64
nx-sc-sq,0.64,0.16,0.32,71764.26
nx-sc-sq,0.64,0.64,0.32,345930.17
nx-sc-sq,1,0.64,0.32,347708.87
nx-sc-sq,1,1,1,454041.55
nx-sc-sq,0.32,0.16,0.64,72132.55
nx-sc-sq,1,0.16,1,71414.96
nx-sc-sq,0.16,0.16,0.64,73443.7
nx-sc-sq,0.32,0.16,0.16,71557.22
nx-sc-sq,0.64,0.16,1,70472.21
nx-sc-sq,1,0.32,1,162854.4
nx-sc-sq,0.16,0.16,0.64,74494.36
nx-sc-sq,1,0.16,1,74066.3
nx-sc-sq,0.64,0.16,0.16,72750.02
nx-sc-sq,0.64,0.32,1,164118.79
nx-sc-sq,0.32,1,0.32,220662.27
nx-sc-sq,0.64,0.16,0.16,69851.29
nx-sc-sq,0.32,0.64,0.64,302514.41
nx-sc-sq,0.64,0.64,0.16,182033.37
nx-sc-sq,0.32,0.32,0.32,160841.77
nx-sc-sq,1,0.64,0.32,361142.47
nx-sc-sq,0.16,0.32,0.32,139884.87
nx-sc-sq,0.64,1,0.16,182607.82
nx-sc-sq,0.64,0.16,1,73871.71
nx-sc-sq,0.64,0.32,0.16,158889.35
nx-sc-sq,0.64,0.32,1,160339.11
nx-sc-sq,0.16,0.32,1,136891.09
nx-sc-sq,0.64,1,0.16,183080.01
nx-sc-sq,1,0.64,0.32,342092
nx-sc-sq,0.16,0.32,0.16,126976.87
nx-sc-sq,0.16,0.16,0.64,70546.82
nx-sc-sq,0.16,0.32,0.64,136227.57
nx-sc-sq,0.64,0.64,0.64,334045.28
nx-sc-sq,0.16,0.32,0.16,136921.31
nx-sc-sq,1,0.64,0.16,182300.07
nx-sc-sq,0.32,0.32,0.32,164901.02
nx-sc-sq,0.64,1,0.32,403122.28
nx-sc-sq,0.32,0.32,0.64,163377.8
nx-sc-sq,0.16,0.16,0.32,72045.79
nx-sc-sq,0.32,1,1,285527.99
nx-sc-sq,0.32,0.16,0.64,70474.81
nx-sc-sq,0.32,0.64,1,274797.1
nx-sc-sq,0.16,1,1,138489.84
nx-sc-sq,0.64,0.32,0.16,160620.16
nx-sc-sq,0.64,0.32,0.16,158690.43
nx-sc-sq,0.16,0.16,0.16,72240.38
nx-sc-sq,0.16,0.16,0.16,69900.17
nx-sc-sq,0.32,0.32,0.16,156585
nx-sc-sq,0.64,0.16,0.32,71092.19
nx-sc-sq,0.16,0.16,1,71174.98
nx-sc-sq,0.16,0.32,1,137778.47
nx-sc-sq,1,1,0.64,455599.62
nx-sc-sq,0.64,0.16,1,70649.28
nx-sc-sq,0.32,0.32,0.64,162115.53
nx-sc-sq,0.16,1,0.64,135553.89
nx-sc-sq,1,0.16,0.16,72740.77
nx-sc-sq,0.64,0.32,1,158387.75
nx-sc-sq,1,0.32,0.16,152273.89
nx-sc-sq,0.64,1,0.64,428980.08
nx-sc-sq,0.64,0.64,0.16,186334.04
nx-sc-sq,1,0.32,0.16,159149.49
nx-sc-sq,0.32,0.32,0.32,159388
nx-sc-sq,0.16,0.64,0.64,134250.93
nx-sc-sq,1,0.32,1,159202.27
nx-sc-sq,1,0.64,1,343252.72
nx-sc-sq,1,0.16,0.32,71566.95
nx-sc-sq,0.16,0.64,0.16,134279.51
nx-sc-sq,0.64,1,0.64,414528.37
nx-sc-sq,0.64,0.32,0.32,160654.09
nx-sc-sq,0.64,0.16,0.32,71278.95
nx-sc-sq,0.16,0.16,0.32,73881.71
nx-sc-sq,0.16,0.16,0.64,70904.09
nx-sc-sq,0.16,0.64,0.64,137556.43
nx-sc-sq,0.16,1,0.64,127922.1
nx-sc-sq,0.64,1,0.32,393377.75
nx-sc-sq,0.16,1,0.32,137605.77
nx-sc-sq,0.32,0.16,1,73453.89
nx-sc-sq,0.64,0.16,0.32,70773.2
nx-sc-sq,1,0.16,1,71287.71
nx-sc-sq,0.32,0.64,0.16,178303.95
nx-sc-sq,1,1,0.16,182599.53
nx-sc-sq,0.32,0.32,1,158630.47
nx-sc-sq,0.64,0.32,1,159827.96
nx-sc-sq,1,0.16,0.32,71939.94
nx-sc-sq,1,1,0.32,424399.34
nx-sc-sq,1,0.32,0.32,157478.21
nx-sc-sq,1,1,1,457362.45
nx-sc-sq,0.16,0.64,0.32,136015.72
nx-sc-sq,1,0.64,0.64,345524.69
nx-sc-sq,0.16,1,0.32,134066.77
nx-sc-sq,0.64,0.32,0.32,162341.64
nx-sc-sq,0.64,0.64,0.64,357531.84
nx-sc-sq,0.16,0.32,0.16,130511.46
nx-sc-sq,0.16,0.64,0.16,138508.43
nx-sc-sq,0.16,0.32,0.16,129927.9
nx-sc-sq,1,1,0.64,456209.29
nx-sc-sq,0.32,0.16,0.32,69707.15
nx-sc-sq,1,0.64,0.64,325663.78
nx-sc-sq,0.16,0.64,0.16,138024.97
nx-sc-sq,0.64,1,0.32,362197.02
nx-sc-sq,1,0.32,1,160816.79
nx-sc-sq,0.16,0.64,0.32,132361.29
nx-sc-sq,0.16,0.16,0.64,74604.24
nx-sc-sq,0.64,0.32,0.64,163086.58
nx-sc-sq,0.64,0.16,1,73348.16
nx-sc-sq,0.16,0.32,1,133403.87
nx-sc-sq,1,0.16,0.64,72136.88
nx-sc-sq,1,0.32,0.64,163076.86
nx-sc-sq,0.64,0.64,1,333000.98
nx-sc-sq,0.32,0.32,1,159884.13
nx-sc-sq,0.32,1,0.64,284766.04
nx-sc-sq,1,0.32,1,160334.4
nx-sc-sq,0.16,1,0.16,131958.8
nx-sc-sq,0.32,0.16,1,72136.73
nx-sc-sq,0.16,0.64,0.32,131736.01
nx-sc-sq,0.32,0.16,0.32,71331.87
nx-sc-sq,0.16,1,0.32,135816.17
nx-sc-sq,0.64,0.64,1,354184.48
nx-sc-sq,0.16,0.32,0.32,137788.85
nx-sc-sq,0.16,1,1,132760.62
nx-sc-sq,0.64,0.16,0.32,72140.55
nx-sc-sq,1,1,0.64,550379.44
nx-sc-sq,1,0.64,0.32,335960.98
nx-sc-sq,0.16,1,1,133843.16
nx-sc-sq,1,0.16,0.64,72435.77
nx-sc-sq,1,0.64,1,335139.89
nx-sc-sq,0.32,0.16,0.16,73556.82
nx-sc-sq,0.32,0.64,0.16,179758.29
nx-sc-sq,1,0.16,0.16,71131.12
nx-sc-sq,0.32,0.16,0.16,73359.79
nx-sc-sq,0.64,0.64,0.32,342558.55
nx-sc-sq,0.64,0.16,0.32,72445.79
nx-sc-sq,1,1,1,447014.84
nx-sc-sq,0.16,1,0.16,138726.41
nx-sc-sq,1,1,0.16,182318.85
nx-sc-sq,1,0.32,0.64,158867.06
nx-sc-sq,0.64,0.32,0.64,165144.78
nx-sc-sq,0.32,0.64,1,285294.24
nx-sc-sq,0.64,0.32,0.32,159407.53
nx-sc-sq,1,0.64,0.32,326635.14
nx-sc-sq,0.64,1,0.32,406775.39
nx-sc-sq,0.32,0.64,0.64,285752.92
nx-sc-sq,1,0.16,0.32,71847.36
nx-sc-sq,0.64,0.64,0.16,182827.56
nx-sc-sq,0.64,0.64,0.16,178911.16
nx-sc-sq,0.16,0.64,0.32,133835.89
nx-sc-sq,1,0.64,0.64,331625.09
nx-sc-sq,0.64,0.16,1,69816.99
nx-sc-sq,0.64,0.16,0.16,72246.02
nx-sc-sq,0.32,0.16,1,69578.93
nx-sc-sq,0.32,0.16,0.32,73448.84
nx-sc-sq,0.64,0.16,0.16,69702
nx-sc-sq,1,0.64,1,329105.11
nx-sc-sq,0.32,0.32,0.32,164172.41
nx-sc-sq,0.16,1,0.32,137133.38
nx-sc-sq,0.32,1,0.32,216151.62
nx-sc-sq,1,0.64,0.32,335648.32
nx-sc-sq,1,1,0.32,418372.94
nx-sc-sq,1,0.64,1,346676.34
nx-sc-sq,0.16,0.16,0.32,71755.59
nx-sc-sq,1,0.64,0.16,179431.42
nx-sc-sq,0.64,0.16,0.16,72149.72
sc-sq-nx,0.16,0.32,0.32,60208.26
sc-sq-nx,0.64,0.16,0.64,170490.76
sc-sq-nx,0.16,0.16,1,62328.05
sc-sq-nx,0.64,0.16,0.64,172459.57
sc-sq-nx,0.16,0.16,0.16,61698.23
sc-sq-nx,0.16,0.16,1,60363.95
sc-sq-nx,1,1,0.32,470430.1
sc-sq-nx,0.32,0.32,0.16,146376.59
sc-sq-nx,0.64,1,0.64,318315.64
sc-sq-nx,0.64,1,1,311492.64
sc-sq-nx,0.32,0.32,0.32,142197.3
sc-sq-nx,1,0.16,1,171860.64
sc-sq-nx,0.16,0.32,0.16,62442.5
sc-sq-nx,0.32,0.64,0.32,144372.67
sc-sq-nx,0.16,1,0.32,63292.21
sc-sq-nx,0.16,0.64,0.16,60055.23
sc-sq-nx,0.64,1,0.64,310335.45
sc-sq-nx,1,0.64,0.32,449748.47
sc-sq-nx,0.64,0.32,0.64,322451.47
sc-sq-nx,0.64,0.16,0.64,173042.54
sc-sq-nx,0.16,0.32,1,61151.1
sc-sq-nx,0.16,0.64,0.32,61705.88
sc-sq-nx,0.64,0.16,0.64,171322.64
sc-sq-nx,1,0.16,1,172718.01
sc-sq-nx,0.16,0.32,0.32,61432.87
sc-sq-nx,1,0.64,0.32,453056.94
sc-sq-nx,0.32,1,1,144557.27
sc-sq-nx,1,0.64,0.16,200736.56
sc-sq-nx,1,1,1,469676.29
sc-sq-nx,1,0.32,0.64,412949.12
sc-sq-nx,0.16,0.16,0.16,61517.78
sc-sq-nx,0.64,0.32,0.32,313656.71
sc-sq-nx,0.64,0.32,0.32,315355.92
sc-sq-nx,1,0.32,0.16,185482.21
sc-sq-nx,1,1,1,475058.18
sc-sq-nx,1,0.16,0.16,171424.83
sc-sq-nx,1,0.16,0.16,172454.11
sc-sq-nx,0.16,1,0.16,61364.14
sc-sq-nx,1,0.64,1,471387.11
sc-sq-nx,0.64,1,0.64,305921.15
sc-sq-nx,0.16,1,0.32,62169.75
sc-sq-nx,0.32,0.32,1,143922.77
sc-sq-nx,0.16,0.16,0.32,61171.04
sc-sq-nx,0.16,1,0.32,60912.41
sc-sq-nx,0.64,1,0.32,316115.13
sc-sq-nx,1,1,1,466549.5
sc-sq-nx,0.16,0.64,0.32,61888.3
sc-sq-nx,1,0.64,1,449612.84
sc-sq-nx,0.16,1,1,61514.59
sc-sq-nx,0.32,0.32,0.16,141519.71
sc-sq-nx,0.32,0.64,1,143041.97
sc-sq-nx,0.64,0.64,0.64,308399.65
sc-sq-nx,0.16,0.64,0.64,61697.7
sc-sq-nx,0.32,1,0.64,144765.25
sc-sq-nx,0.64,0.32,0.32,318318.78
sc-sq-nx,0.64,0.32,1,302107
sc-sq-nx,1,1,0.32,469991.99
sc-sq-nx,0.32,1,0.64,142154.91
sc-sq-nx,1,0.64,0.64,453435.53
sc-sq-nx,1,1,0.16,188910.58
sc-sq-nx,0.64,0.64,1,319611.58
sc-sq-nx,0.32,1,0.32,141349.97
sc-sq-nx,1,0.16,0.64,171129.62
sc-sq-nx,0.64,0.16,0.16,171135.61
sc-sq-nx,0.64,0.16,0.16,171941.35
sc-sq-nx,1,0.16,0.32,170269.1
sc-sq-nx,1,0.64,1,468772.85
sc-sq-nx,0.64,0.64,1,320716.75
sc-sq-nx,0.16,1,0.16,61008.74
sc-sq-nx,0.32,0.32,1,144808.05
sc-sq-nx,0.16,0.32,0.64,61982.92
sc-sq-nx,1,0.16,0.16,172160.52
sc-sq-nx,0.16,1,1,61599.53
sc-sq-nx,0.16,1,1,62910.8
sc-sq-nx,1,1,0.32,457967.78
sc-sq-nx,0.16,0.32,1,61612.69
sc-sq-nx,0.64,1,0.32,314736.15
sc-sq-nx,1,1,1,475511.19
sc-sq-nx,1,1,0.64,468409.02
sc-sq-nx,0.32,0.32,0.32,145923.76
sc-sq-nx,0.16,0.16,0.32,61617.46
sc-sq-nx,0.16,1,0.16,61813.83
sc-sq-nx,0.64,0.16,1,172735.61
sc-sq-nx,1,0.16,0.16,172529.61
sc-sq-nx,0.16,0.64,0.64,60454.3
sc-sq-nx,1,0.32,0.64,410735.2
sc-sq-nx,0.32,1,0.32,144605.12
sc-sq-nx,0.64,1,1,316061.6
sc-sq-nx,0.64,0.16,0.32,173363.18
sc-sq-nx,0.16,1,0.64,61882.04
sc-sq-nx,0.16,0.64,0.64,61169.11
sc-sq-nx,0.32,0.64,1,143452.67
sc-sq-nx,1,0.32,0.32,407647.77
sc-sq-nx,0.32,0.32,0.64,142373.28
sc-sq-nx,0.64,0.64,0.32,318304.63
sc-sq-nx,1,0.16,0.64,172493.61
sc-sq-nx,0.16,0.64,0.64,61427.72
sc-sq-nx,0.16,0.16,0.32,60633.27
sc-sq-nx,0.64,0.64,0.64,314168.12
sc-sq-nx,0.16,0.32,0.16,59941.96
sc-sq-nx,0.64,1,0.16,184609.58
sc-sq-nx,0.64,0.32,0.16,188549.5
sc-sq-nx,0.32,0.16,0.32,139887.18
sc-sq-nx,0.16,0.16,0.64,60029.61
sc-sq-nx,0.16,0.16,0.64,61348.62
sc-sq-nx,0.16,0.32,0.64,61246.64
sc-sq-nx,0.16,1,0.16,62728.86
sc-sq-nx,0.32,1,0.16,141706.64
sc-sq-nx,0.64,1,0.16,184148.56
sc-sq-nx,0.64,0.16,0.32,173681.3
sc-sq-nx,0.32,0.16,0.32,145686.28
sc-sq-nx,0.32,0.16,1,147022.54
sc-sq-nx,1,0.16,0.64,170477.68
sc-sq-nx,0.32,1,0.32,143688.53
sc-sq-nx,0.16,0.64,1,60025.04
sc-sq-nx,0.32,0.32,0.16,143933
sc-sq-nx,0.16,0.64,1,60802.78
sc-sq-nx,1,0.32,1,403054.05
sc-sq-nx,0.32,0.64,0.64,144563.48
sc-sq-nx,0.16,0.64,0.64,60721.83
sc-sq-nx,0.32,0.16,1,145421.02
sc-sq-nx,0.32,1,0.16,142831.61
sc-sq-nx,0.32,1,1,145027.05
sc-sq-nx,0.64,0.64,0.64,314042.95
sc-sq-nx,1,0.32,1,405843.34
sc-sq-nx,1,0.64,0.64,475499.34
sc-sq-nx,1,0.32,0.16,190760.07
sc-sq-nx,0.64,1,1,319884.82
sc-sq-nx,0.32,0.16,0.16,146119.69
sc-sq-nx,0.16,1,0.16,60821.05
sc-sq-nx,1,1,0.64,470586.14
sc-sq-nx,0.32,0.16,0.32,143471.53
sc-sq-nx,1,0.16,0.64,170551.19
sc-sq-nx,0.32,0.64,1,140441.37
sc-sq-nx,0.64,0.32,1,316784.42
sc-sq-nx,0.32,1,1,143873.84
sc-sq-nx,0.32,0.16,0.16,146318.1
sc-sq-nx,0.32,0.64,0.32,143244.59
sc-sq-nx,0.32,1,0.64,145220.13
sc-sq-nx,0.32,0.32,0.64,144319.55
sc-sq-nx,0.32,0.64,0.16,146164.89
sc-sq-nx,0.16,0.32,0.64,60636.5
sc-sq-nx,0.64,0.32,0.64,316759.04
sc-sq-nx,0.32,0.64,0.16,145933.05
sc-sq-nx,0.16,0.32,0.64,60634.47
sc-sq-nx,0.16,1,0.32,62256.73
sc-sq-nx,0.32,1,1,145857.93
sc-sq-nx,0.16,0.64,0.32,61175.8
sc-sq-nx,1,0.16,1,173981.48
sc-sq-nx,0.16,0.32,1,60281.85
sc-sq-nx,0.32,0.64,0.32,145468.44
sc-sq-nx,0.64,0.64,0.64,317348.3
sc-sq-nx,0.16,0.64,1,61785.38
sc-sq-nx,0.64,1,1,314660.08
sc-sq-nx,0.64,0.32,0.32,314828.45
sc-sq-nx,1,0.64,1,463207.71
sc-sq-nx,0.32,0.16,0.16,140898.7
sc-sq-nx,0.64,0.16,1,170815.81
sc-sq-nx,0.64,0.64,0.32,300894.54
sc-sq-nx,0.32,0.16,0.32,145874.72
sc-sq-nx,0.32,0.32,1,142169.03
sc-sq-nx,0.16,0.32,0.16,59946.49
sc-sq-nx,0.16,0.16,1,60630.43
sc-sq-nx,0.32,0.16,0.64,142172.51
sc-sq-nx,0.16,0.64,0.64,61069.28
sc-sq-nx,0.16,0.16,1,61344.09
sc-sq-nx,0.64,0.64,0.64,317385.15
sc-sq-nx,0.64,0.16,0.16,170276.13
sc-sq-nx,0.16,0.64,1,61522.91
sc-sq-nx,1,0.32,0.16,190503.65
sc-sq-nx,0.16,0.64,0.32,61705.69
sc-sq-nx,1,0.16,1,172179
sc-sq-nx,0.32,0.16,0.32,144345.42
sc-sq-nx,0.16,1,1,60537.99
sc-sq-nx,0.64,0.16,0.64,171617.45
sc-sq-nx,0.32,1,0.16,143285.78
sc-sq-nx,0.16,0.16,0.64,61166.96
sc-sq-nx,0.32,1,0.16,143031.76
sc-sq-nx,0.32,0.64,1,145624.33
sc-sq-nx,0.64,1,0.32,315903.28
sc-sq-nx,1,0.16,1,176109.95
sc-sq-nx,0.16,1,0.16,60814.86
sc-sq-nx,0.16,0.64,0.16,61174.98
sc-sq-nx,0.32,0.64,0.32,140505.99
sc-sq-nx,0.64,0.64,0.16,187019.7
sc-sq-nx,0.64,0.16,0.16,171161.64
sc-sq-nx,0.16,0.64,1,62338.84
sc-sq-nx,0.32,1,0.16,141089.59
sc-sq-nx,0.32,0.32,0.32,144575.39
sc-sq-nx,0.16,0.64,0.64,61880.38
sc-sq-nx,1,1,0.32,476410.2
sc-sq-nx,0.32,0.64,0.64,142564.67
sc-sq-nx,0.32,0.16,1,141271.99
sc-sq-nx,0.16,0.16,1,60896.6
sc-sq-nx,0.16,0.64,0.16,62069.23
sc-sq-nx,1,0.64,0.16,192749.12
sc-sq-nx,0.32,1,0.16,143043.33
sc-sq-nx,0.16,0.16,0.16,61262.59
sc-sq-nx,0.32,0.16,0.32,141082.67
sc-sq-nx,0.64,0.32,1,310323.93
sc-sq-nx,0.16,0.32,0.32,61256.61
sc-sq-nx,0.16,0.16,0.16,62258.47
sc-sq-nx,0.64,1,1,311930.03
sc-sq-nx,0.32,0.32,0.64,143436.15
sc-sq-nx,0.32,0.32,0.16,144858.19
sc-sq-nx,1,0.16,0.32,172212
sc-sq-nx,0.16,1,0.64,61885.09
sc-sq-nx,0.16,1,1,61078.41
sc-sq-nx,0.64,0.64,0.16,187940.25
sc-sq-nx,0.16,1,0.32,61254.17
sc-sq-nx,1,0.16,0.16,170234.86
sc-sq-nx,0.64,0.32,0.32,320419.76
sc-sq-nx,0.64,1,0.32,307816.35
sc-sq-nx,0.32,0.16,0.32,145450.51
sc-sq-nx,0.32,0.64,1,143448.61
sc-sq-nx,1,0.32,0.64,396453.21
sc-sq-nx,1,0.32,0.64,403884.86
sc-sq-nx,1,0.16,1,171571.48
sc-sq-nx,0.16,0.16,0.32,61899.9
sc-sq-nx,0.32,0.32,0.64,142586.76
sc-sq-nx,0.64,0.16,0.32,173911.19
sc-sq-nx,0.32,0.32,1,146307.48
sc-sq-nx,1,0.32,0.64,404278.78
sc-sq-nx,0.32,0.32,1,142373.91
sc-sq-nx,0.16,0.64,1,60448.37
sc-sq-nx,0.32,0.32,0.64,144109.16
sc-sq-nx,0.64,1,0.64,316841.47
sc-sq-nx,0.16,0.16,0.16,61831.76
sc-sq-nx,1,0.16,1,175094.75
sc-sq-nx,1,1,0.16,188535.22
sc-sq-nx,1,0.64,0.16,192819.14
sc-sq-nx,1,0.32,0.32,392222.88
sc-sq-nx,0.16,0.32,0.32,61085.83
sc-sq-nx,0.16,0.32,0.16,59880.54
sc-sq-nx,0.64,0.64,0.64,313844.43
sc-sq-nx,0.64,0.64,0.64,311009
sc-sq-nx,1,0.64,0.64,474848.62
sc-sq-nx,0.32,1,0.64,144334.55
sc-sq-nx,0.32,0.16,0.32,143714.15
sc-sq-nx,0.64,0.16,0.32,174525.25
sc-sq-nx,0.32,0.32,0.32,143922.17
sc-sq-nx,0.64,0.16,1,170249.85
sc-sq-nx,0.32,0.32,0.32,143430.34
sc-sq-nx,1,1,0.64,457405.22
sc-sq-nx,0.64,0.32,0.64,309397.48
sc-sq-nx,1,1,0.32,454291.81
sc-sq-nx,1,1,0.32,461181.1
sc-sq-nx,0.64,0.64,1,313583.06
sc-sq-nx,0.64,1,0.32,311412.79
sc-sq-nx,0.64,0.32,1,312507.2
sc-sq-nx,0.32,0.16,1,142330.73
sc-sq-nx,1,0.64,0.32,471651.92
sc-sq-nx,0.16,0.64,0.16,61197.71
sc-sq-nx,0.64,0.32,0.32,304348.61
sc-sq-nx,0.16,1,0.32,61356.05
sc-sq-nx,0.32,0.32,0.64,143018.87
sc-sq-nx,0.16,0.64,0.64,60277.48
sc-sq-nx,1,1,1,485201.25
sc-sq-nx,0.32,0.64,0.64,141742.71
sc-sq-nx,1,0.32,0.16,193960.46
sc-sq-nx,0.16,0.32,1,61969.77
sc-sq-nx,1,1,0.64,458364.51
sc-sq-nx,0.32,0.16,0.64,143445.87
sc-sq-nx,0.16,0.32,0.32,61623.95
sc-sq-nx,1,0.16,1,173231.98
sc-sq-nx,0.32,1,1,143872.3
sc-sq-nx,0.16,0.64,0.32,60635.35
sc-sq-nx,1,0.32,0.32,395828.36
sc-sq-nx,0.32,0.64,1,147458.39
sc-sq-nx,1,0.64,1,473786.85
sc-sq-nx,0.16,0.64,0.64,60626.32
sc-sq-nx,1,0.32,1,407380.63
sc-sq-nx,1,0.64,0.32,462959.97
sc-sq-nx,0.64,0.64,1,313942.31
sc-sq-nx,0.32,1,0.32,146360.81
sc-sq-nx,1,0.16,1,172454.75
sc-sq-nx,1,1,0.16,187973.42
sc-sq-nx,1,0.32,0.16,204001.89
sc-sq-nx,0.64,0.16,0.16,171915.49
sc-sq-nx,0.64,0.32,0.32,313708.7
sc-sq-nx,1,0.64,0.32,464350.12
sc-sq-nx,0.64,0.64,0.32,309823.28
sc-sq-nx,0.64,0.64,0.64,315167.21
sc-sq-nx,0.16,0.32,0.64,60449.72
sc-sq-nx,0.64,0.32,0.16,186937.09
sc-sq-nx,0.64,0.32,0.64,315097.56
sc-sq-nx,0.16,0.64,0.32,60118.36
sc-sq-nx,0.32,1,0.32,143698.61
sc-sq-nx,0.16,0.16,1,61884.66
sc-sq-nx,1,0.16,0.32,172172.23
sc-sq-nx,0.64,0.32,1,315301.17
sc-sq-nx,1,1,0.64,461327.41
sc-sq-nx,1,0.32,0.64,413531.12
sc-sq-nx,0.64,0.64,0.32,312116.45
sc-sq-nx,0.32,1,0.64,146544.45
sc-sq-nx,0.32,0.16,1,140895.68
sc-sq-nx,1,0.16,0.64,170847.05
sc-sq-nx,0.32,0.32,0.16,144620.64
sc-sq-nx,0.32,0.64,0.32,142380.14
sc-sq-nx,0.64,0.64,1,318677.55
sc-sq-nx,0.64,1,1,310278.22
sc-sq-nx,1,0.64,0.16,187363.35
sc-sq-nx,0.64,1,0.64,314478.45
sc-sq-nx,0.64,0.16,0.32,173893.38
sc-sq-nx,1,0.64,0.16,196166.34
sc-sq-nx,0.64,0.32,1,317366.55
sc-sq-nx,0.32,1,0.64,142778.63
sc-sq-nx,1,0.32,1,405743.26
sc-sq-nx,0.64,0.64,0.16,194521.69
sc-sq-nx,0.64,0.16,0.16,173611.36
sc-sq-nx,0.32,0.64,0.32,143650.23
sc-sq-nx,0.64,0.64,0.32,311579.95
sc-sq-nx,0.16,0.16,0.64,60462.25
sc-sq-nx,0.32,0.32,1,145425.76
sc-sq-nx,0.64,1,0.32,314782.22
sc-sq-nx,0.32,0.64,0.16,143915.59
sc-sq-nx,0.16,0.64,0.16,60402.57
sc-sq-nx,0.32,0.32,0.32,141947.93
sc-sq-nx,0.32,0.32,0.32,143061.33
sc-sq-nx,0.32,1,1,141509.24
sc-sq-nx,1,0.64,1,453180.2
sc-sq-nx,1,0.64,0.16,186127.47
sc-sq-nx,0.32,0.32,0.64,141282
sc-sq-nx,1,0.32,1,400906.93
sc-sq-nx,0.16,0.16,0.64,60988.54
sc-sq-nx,0.32,0.32,0.64,144362.2
sc-sq-nx,0.16,1,1,61969.93
sc-sq-nx,0.32,0.16,0.16,139401.04
sc-sq-nx,0.16,1,1,60887.23
sc-sq-nx,0.64,0.64,0.32,317278.45
sc-sq-nx,0.32,0.64,0.64,147451.27
sc-sq-nx,0.32,0.32,0.64,143004.98
sc-sq-nx,1,1,1,475588.74
sc-sq-nx,1,0.32,0.32,391057.57
sc-sq-nx,0.64,0.16,1,171656.21
sc-sq-nx,0.32,1,0.16,140704.22
sc-sq-nx,1,0.32,0.16,186076.47
sc-sq-nx,0.32,0.32,0.32,145212.12
sc-sq-nx,0.16,0.32,0.16,60641.75
sc-sq-nx,1,0.32,0.32,390711.59
sc-sq-nx,0.16,0.64,1,62075.67
sc-sq-nx,1,0.16,0.64,173616.24
sc-sq-nx,0.32,0.32,1,141293.81
sc-sq-nx,1,1,0.64,469793.46
sc-sq-nx,0.16,0.32,0.64,59852.41
sc-sq-nx,0.64,1,0.16,183813.15
sc-sq-nx,1,0.16,0.32,170007.78
sc-sq-nx,0.64,0.64,0.16,185860.69
sc-sq-nx,1,0.16,0.32,170759.83
sc-sq-nx,1,1,0.32,450585.51
sc-sq-nx,0.64,0.64,0.32,304868.59
sc-sq-nx,0.64,0.32,0.32,305514.31
sc-sq-nx,1,0.32,1,404435.08
sc-sq-nx,0.32,0.16,0.64,147252.37
sc-sq-nx,0.16,0.16,1,61078.21
sc-sq-nx,0.16,0.64,0.32,60458.59
sc-sq-nx,0.16,1,0.32,61979.29
sc-sq-nx,0.16,1,1,61419.97
sc-sq-nx,1,0.64,0.16,193176.31
sc-sq-nx,0.64,0.16,1,172216.84
sc-sq-nx,0.64,0.32,0.64,320680.33
sc-sq-nx,1,1,1,471786.66
sc-sq-nx,0.32,1,1,139359.07
sc-sq-nx,1,0.64,0.16,190710.56
sc-sq-nx,0.64,0.64,1,316373.4
sc-sq-nx,0.64,0.32,0.16,184019.64
sc-sq-nx,0.16,0.32,0.16,61891.5
sc-sq-nx,1,1,1,466967.45
sc-sq-nx,1,1,0.16,161856.35
sc-sq-nx,0.16,0.64,0.32,61981.51
sc-sq-nx,0.32,0.64,0.64,141068.02
sc-sq-nx,1,0.16,0.64,174817.91
sc-sq-nx,0.16,0.32,1,61374.3
sc-sq-nx,0.16,0.32,0.64,59096.74
sc-sq-nx,0.16,0.16,0.16,61164.85
sc-sq-nx,1,1,0.16,188465.42
sc-sq-nx,0.16,0.64,0.32,61714.69
sc-sq-nx,0.16,0.32,1,61253.44
sc-sq-nx,0.32,1,0.32,147991.99
sc-sq-nx,0.32,0.16,1,142353.54
sc-sq-nx,0.32,0.64,1,144321.7
sc-sq-nx,0.64,1,1,319635.01
sc-sq-nx,0.64,0.16,0.32,173042.35
sc-sq-nx,0.32,0.16,1,143015.34
sc-sq-nx,0.16,0.32,0.32,60468.04
sc-sq-nx,0.64,0.64,0.32,305590.71
sc-sq-nx,0.32,0.64,0.16,143271.52
sc-sq-nx,0.64,0.32,0.16,191825.53
sc-sq-nx,1,0.64,0.64,476399.59
sc-sq-nx,0.64,1,0.16,195455.98
sc-sq-nx,0.64,0.32,1,314591.09
sc-sq-nx,0.16,0.16,0.32,59950.29
sc-sq-nx,0.64,0.16,1,173290.41
sc-sq-nx,1,0.64,1,457824.15
sc-sq-nx,0.32,0.64,0.16,139874.89
sc-sq-nx,1,1,0.64,464704.05
sc-sq-nx,0.64,1,0.16,189809.49
sc-sq-nx,0.64,0.16,0.64,171650.57
sc-sq-nx,0.16,0.32,0.32,61354.29
sc-sq-nx,1,0.64,1,476806.96
sc-sq-nx,0.64,1,0.16,194311.06
sc-sq-nx,1,0.32,0.32,404264.93
sc-sq-nx,0.64,0.16,0.32,172222.52
sc-sq-nx,0.64,0.64,0.32,311959.9
sc-sq-nx,1,0.32,1,403858.59
sc-sq-nx,1,0.64,0.32,439117.04
sc-sq-nx,1,0.32,0.16,190068.63
sc-sq-nx,0.32,0.32,0.64,143482.28
sc-sq-nx,0.16,1,0.64,61251.64
sc-sq-nx,0.64,0.64,1,318116.29
sc-sq-nx,0.32,0.32,0.32,141330.95
sc-sq-nx,1,0.16,0.16,172014.15
sc-sq-nx,0.64,0.32,0.16,190337.46
sc-sq-nx,0.64,1,0.64,306936.69
sc-sq-nx,0.32,0.64,0.16,145503.44
sc-sq-nx,1,0.64,0.32,466892.48
sc-sq-nx,0.32,0.16,0.16,139664.76
sc-sq-nx,0.16,1,0.32,59273.04
sc-sq-nx,0.16,1,0.64,61884.93
sc-sq-nx,0.16,1,0.64,61342.48
sc-sq-nx,1,0.32,0.16,188555.47
sc-sq-nx,1,1,0.32,452097.43
sc-sq-nx,0.16,0.64,1,62340.32
sc-sq-nx,0.16,0.16,0.16,60115.54
sc-sq-nx,0.32,0.16,0.16,141311.87
sc-sq-nx,0.64,0.64,1,310398.65
sc-sq-nx,0.16,0.64,0.16,60652.06
sc-sq-nx,0.32,0.16,0.64,145212.78
sc-sq-nx,0.64,0.64,0.16,183997.6
sc-sq-nx,0.32,0.32,0.16,144108.3
sc-sq-nx,0.16,0.32,1,61597.02
sc-sq-nx,1,0.32,0.64,407544.04
sc-sq-nx,0.32,0.16,0.16,142833.75
sc-sq-nx,1,0.16,0.16,171939.63
sc-sq-nx,0.64,0.32,1,316088.52
sc-sq-nx,0.16,0.32,0.32,61713.28
sc-sq-nx,0.64,0.32,0.16,196057.49
sc-sq-nx,1,0.16,0.64,173871.17
sc-sq-nx,0.32,0.64,0.16,142876.39
sc-sq-nx,0.32,0.64,0.64,141934.65
sc-sq-nx,0.64,0.32,0.64,309374.68
sc-sq-nx,1,1,0.16,186388.15
sc-sq-nx,0.64,0.32,0.64,310474.72
sc-sq-nx,0.16,0.32,0.16,60920.14
sc-sq-nx,0.32,0.16,0.16,142624.08
sc-sq-nx,0.32,0.64,0.64,143468.74
sc-sq-nx,0.32,0.64,1,140228.15
sc-sq-nx,1,0.64,0.32,447869.04
sc-sq-nx,0.32,0.32,0.16,144339.5
sc-sq-nx,0.32,0.64,0.32,141291.33
sc-sq-nx,0.64,0.16,0.64,172496.79
sc-sq-nx,0.16,0.16,0.16,61443.92
sc-sq-nx,0.64,0.32,0.16,187777.36
sc-sq-nx,0.16,0.32,1,60715.14
sc-sq-nx,0.16,1,0.64,61511.98
sc-sq-nx,0.64,0.32,0.16,191596.44
sc-sq-nx,0.16,0.32,0.32,60903.9
sc-sq-nx,0.64,0.64,0.64,310482.21
sc-sq-nx,1,0.32,1,399225.91
sc-sq-nx,0.32,1,1,141283.13
sc-sq-nx,0.32,0.32,1,144110.91
sc-sq-nx,0.64,0.64,1,308317.22
sc-sq-nx,0.32,1,0.32,144817.21
sc-sq-nx,0.32,1,0.64,143229.99
sc-sq-nx,0.16,0.32,0.32,61256.31
sc-sq-nx,0.16,0.16,0.32,62250.12
sc-sq-nx,0.32,0.32,0.16,144373.08
sc-sq-nx,0.32,0.32,0.16,144159.56
sc-sq-nx,1,0.64,0.32,444478.19
sc-sq-nx,1,1,0.16,159652.85
sc-sq-nx,0.32,1,0.64,141967.36
sc-sq-nx,0.16,0.16,0.64,61338.82
sc-sq-nx,0.16,0.16,0.64,61070.79
sc-sq-nx,1,0.16,1,173972.35
sc-sq-nx,1,0.64,0.64,478264.37
sc-sq-nx,1,0.32,0.64,402800.71
sc-sq-nx,0.64,0.32,0.16,186708.02
sc-sq-nx,0.64,0.16,0.64,177978.32
sc-sq-nx,1,0.16,0.32,173399.27
sc-sq-nx,0.16,0.64,0.16,61529.55
sc-sq-nx,0.32,0.16,0.64,145453.67
sc-sq-nx,0.16,0.64,0.16,60717.39
sc-sq-nx,1,0.64,0.16,186155.54
sc-sq-nx,0.64,0.16,1,173010.7
sc-sq-nx,0.32,0.64,0.32,141532.15
sc-sq-nx,0.64,0.16,0.64,173334.64
sc-sq-nx,0.32,0.64,0.32,143054.8
sc-sq-nx,1,0.16,0.32,172201.77
sc-sq-nx,0.64,0.32,1,313008.86
sc-sq-nx,1,0.16,0.16,169750.29
sc-sq-nx,0.64,1,0.64,313441.74
sc-sq-nx,1,0.64,0.64,461797.94
sc-sq-nx,0.64,0.64,0.16,189844.49
sc-sq-nx,0.64,0.16,0.16,169673.14
sc-sq-nx,0.16,1,1,61076.51
sc-sq-nx,0.32,0.16,0.32,147012.85
sc-sq-nx,0.32,1,0.32,143443.92
sc-sq-nx,0.64,0.16,0.64,173039.03
sc-sq-nx,0.64,0.16,0.16,173442.64
sc-sq-nx,0.16,0.64,0.32,61715.4
sc-sq-nx,1,0.32,0.16,187854.47
sc-sq-nx,0.32,0.16,0.16,144581.45
sc-sq-nx,0.32,0.16,0.64,142767.98
sc-sq-nx,0.16,1,0.16,60925.04
sc-sq-nx,0.64,1,0.16,184651.78
sc-sq-nx,0.64,0.64,0.16,184331.18
sc-sq-nx,0.16,1,0.32,60370.87
sc-sq-nx,0.32,0.64,1,141753.02
sc-sq-nx,0.32,1,0.16,140694.61
sc-sq-nx,0.32,1,0.64,144981.44
sc-sq-nx,0.64,1,0.16,194270.34
sc-sq-nx,0.64,0.64,0.16,193919.39
sc-sq-nx,1,0.16,0.16,171441.46
sc-sq-nx,0.32,0.64,0.16,144358.65
sc-sq-nx,1,0.32,1,411679.18
sc-sq-nx,0.32,0.16,0.64,142585.9
sc-sq-nx,1,1,0.64,470574.7
sc-sq-nx,0.16,0.32,1,60112.06
sc-sq-nx,0.16,1,0.64,60630.16
sc-sq-nx,0.16,1,0.64,60105.93
sc-sq-nx,0.32,0.64,0.64,145430.6
sc-sq-nx,0.32,0.64,0.64,143698.3
sc-sq-nx,0.16,0.16,0.32,61794.74
sc-sq-nx,1,0.64,1,470392.39
sc-sq-nx,1,0.32,0.64,409311.83
sc-sq-nx,0.16,0.64,1,61243.52
sc-sq-nx,0.16,0.16,0.64,62345.4
sc-sq-nx,0.64,0.16,1,171632.97
sc-sq-nx,0.16,0.32,0.64,61252.49
sc-sq-nx,0.64,0.16,1,172164.8
sc-sq-nx,0.64,0.64,1,315876.92
sc-sq-nx,0.16,1,0.16,62532.72
sc-sq-nx,1,0.16,0.32,171875.57
sc-sq-nx,0.16,0.64,0.64,61969.19
sc-sq-nx,0.16,0.32,0.16,60639.54
sc-sq-nx,0.64,1,0.64,316747.9
sc-sq-nx,0.32,0.64,1,144846.53
sc-sq-nx,0.16,0.16,1,61333.97
sc-sq-nx,0.32,0.32,0.16,143892.5
sc-sq-nx,1,0.32,0.64,408197.91
sc-sq-nx,1,0.32,1,400594.34
sc-sq-nx,1,1,0.32,451662.08
sc-sq-nx,0.16,1,0.32,59268.39
sc-sq-nx,1,0.16,0.32,175040.5
sc-sq-nx,0.16,0.32,0.16,62348.47
sc-sq-nx,0.64,1,0.32,316731.3
sc-sq-nx,1,0.16,0.64,173099.12
sc-sq-nx,0.16,0.16,1,61069.63
sc-sq-nx,0.16,0.16,0.32,62436.73
sc-sq-nx,1,0.64,0.64,473079.43
sc-sq-nx,0.64,0.64,0.16,164675.42
sc-sq-nx,0.32,0.16,0.16,143652.93
sc-sq-nx,0.32,0.16,0.64,144355.07
sc-sq-nx,0.64,0.16,0.16,173132.93
sc-sq-nx,0.64,1,0.32,318246.15
sc-sq-nx,0.64,0.16,1,171374.12
sc-sq-nx,0.32,1,1,142111.75
sc-sq-nx,0.32,0.32,0.32,144551.63
sc-sq-nx,0.64,1,0.32,314775.8
sc-sq-nx,0.16,0.32,0.16,60029.91
sc-sq-nx,0.64,0.16,0.16,173983.79
sc-sq-nx,0.16,0.16,0.64,61254.24
sc-sq-nx,0.32,1,1,144324.76
sc-sq-nx,0.64,0.32,1,312319.58
sc-sq-nx,1,1,1,459248.45
sc-sq-nx,0.16,0.64,1,61894.18
sc-sq-nx,0.64,1,0.16,184749.39
sc-sq-nx,0.16,0.16,0.16,61608.86
sc-sq-nx,0.64,1,0.32,318863.46
sc-sq-nx,1,0.64,1,481258.86
sc-sq-nx,0.16,0.16,0.32,60114.92
sc-sq-nx,0.16,1,0.16,61639.53
sc-sq-nx,0.32,0.64,0.64,141730.94
sc-sq-nx,0.64,0.32,0.16,197937.8
sc-sq-nx,1,1,0.16,190081.06
sc-sq-nx,1,0.64,0.64,470369.63
sc-sq-nx,1,0.16,0.16,172763.18
sc-sq-nx,0.32,0.16,1,144327.88
sc-sq-nx,0.32,1,0.32,145009.28
sc-sq-nx,1,0.32,0.32,414424.19
sc-sq-nx,1,1,0.64,469267.7
sc-sq-nx,0.16,0.32,0.64,61614.93
sc-sq-nx,0.32,1,0.16,142880.61
sc-sq-nx,0.16,0.64,0.16,61018.06
sc-sq-nx,0.64,1,0.64,310376.88
sc-sq-nx,0.32,0.16,1,143988.2
sc-sq-nx,0.64,0.32,0.64,313388.7
sc-sq-nx,0.64,1,1,319610.99
sc-sq-nx,0.32,0.16,0.64,141538.1
sc-sq-nx,1,1,0.32,478094.08
sc-sq-nx,1,0.64,0.64,461020.33
sc-sq-nx,1,0.32,0.32,415820.11
sc-sq-nx,1,0.16,0.64,173101.65
sc-sq-nx,0.64,0.16,0.32,171367.03
sc-sq-nx,0.64,1,0.64,314570.61
sc-sq-nx,0.64,1,1,309536.84
sc-sq-nx,0.32,0.16,0.32,143469.1
sc-sq-nx,0.16,0.16,1,60716.32
sc-sq-nx,0.16,0.64,0.16,60548.29
sc-sq-nx,0.64,0.32,0.32,311068.33
sc-sq-nx,0.16,0.16,0.16,61709.28
sc-sq-nx,0.16,0.32,0.64,61878.39
sc-sq-nx,1,0.16,0.32,172279.02
sc-sq-nx,0.16,1,0.16,59780.67
sc-sq-nx,0.16,1,0.64,61973.81
sc-sq-nx,0.64,0.64,0.32,312081.52
sc-sq-nx,0.32,0.32,1,144784.17
sc-sq-nx,0.16,0.16,0.32,61170.89
sc-sq-nx,0.64,0.64,0.64,322935.58
sc-sq-nx,1,1,0.16,193581.4
sc-sq-nx,1,1,0.64,481086.08
sc-sq-nx,0.64,0.16,0.32,171907.99
sc-sq-nx,0.32,0.32,1,143256.05
sc-sq-nx,0.16,1,0.64,62349.81
sc-sq-nx,0.64,0.16,0.32,171925.5
sc-sq-nx,0.16,0.32,1,60459.56
sc-sq-nx,1,0.64,0.64,474833.1
sc-sq-nx,0.64,0.32,0.64,315677.74
sc-sq-nx,0.16,0.16,0.64,62340.98
sc-sq-nx,0.32,0.64,0.16,140700.24
sc-sq-nx,0.64,0.32,0.32,318254.28
sc-sq-nx,1,0.64,0.32,464677.19
sc-sq-nx,0.32,0.16,1,141743.5
sc-sq-nx,0.16,1,1,60630.62
sc-sq-nx,0.64,0.32,0.64,316817.61
sc-sq-nx,1,0.32,0.32,410833.39
sc-sq-nx,1,1,0.16,191930.95
sc-sq-nx,1,0.32,0.16,194851.36
sc-sq-nx,0.64,1,1,314490.48
sc-sq-nx,0.32,1,0.64,143667.97
sc-sq-nx,0.64,0.64,0.16,190150.08
sc-sq-nx,0.64,1,0.16,199166.11
sc-sq-nx,1,1,1,463459.79
sc-sq-nx,1,0.64,0.16,197295.97
sc-sq-nx,0.32,1,0.16,140646.35
sc-sq-nx,0.32,0.64,0.16,142025.69
sc-sq-nx,1,0.32,0.32,405643.68
sc-sq-nx,0.32,1,0.32,142620.29
sc-sq-nx,0.32,0.64,0.32,147246.11
sc-sq-nx,0.32,0.16,0.64,142619.02
sq-nx-sc,0.64,0.16,0.64,103975.96
sq-nx-sc,0.64,0.16,0.64,105207.75
sq-nx-sc,0.16,0.32,0.32,19592.35
sq-nx-sc,0.32,0.64,0.32,47036.79
sq-nx-sc,0.16,0.32,0.64,20326.15
sq-nx-sc,0.32,0.16,0.16,46878.6
sq-nx-sc,0.16,0.64,0.64,19673.05
sq-nx-sc,0.32,0.32,0.16,46818.22
sq-nx-sc,0.32,0.32,0.64,46221.29
sq-nx-sc,0.32,0.16,0.32,46609.17
sq-nx-sc,0.64,0.16,0.16,66365.01
sq-nx-sc,0.32,0.16,0.64,46630.99
sq-nx-sc,0.64,0.16,0.16,79882.71
sq-nx-sc,0.32,0.32,0.16,46964.12
sq-nx-sc,0.32,0.32,0.16,45864.17
sq-nx-sc,0.32,0.32,0.32,46273.51
sq-nx-sc,0.16,0.64,0.32,19578.27
sq-nx-sc,0.16,0.64,0.32,19750.85
sq-nx-sc,0.32,0.16,0.32,47660.6
sq-nx-sc,0.32,0.64,0.32,47590.13
sq-nx-sc,0.32,0.64,0.64,47388.31
sq-nx-sc,0.32,0.16,0.16,46325.86
sq-nx-sc,0.64,0.32,0.64,104581.16
sq-nx-sc,0.32,0.32,0.32,47318
sq-nx-sc,0.32,0.64,0.32,46121.79
sq-nx-sc,0.32,0.16,0.32,46530.34
sq-nx-sc,0.64,0.32,0.16,68838.92
sq-nx-sc,0.32,0.16,0.64,47750.39
sq-nx-sc,0.16,0.32,0.32,20066.73
sq-nx-sc,0.32,0.16,0.64,46833.88
sq-nx-sc,0.16,0.64,0.16,19607.58
sq-nx-sc,0.32,0.64,0.64,46343.33
sq-nx-sc,0.16,0.32,0.64,19839
sq-nx-sc,0.64,0.64,0.32,102828.51
sq-nx-sc,0.64,0.32,0.32,105172.48
sq-nx-sc,0.32,0.16,0.64,47187.81
sq-nx-sc,0.16,0.16,0.32,19895.9
sq-nx-sc,0.16,0.64,0.64,19899.04
sq-nx-sc,0.64,0.32,0.16,67109.08
sq-nx-sc,0.16,0.32,0.32,19442.26
sq-nx-sc,0.16,0.32,0.64,20066.69
sq-nx-sc,0.16,0.16,0.16,19675.02
sq-nx-sc,0.16,0.64,0.32,20206.63
sq-nx-sc,0.64,0.64,0.32,101090.69
sq-nx-sc,0.32,0.32,0.32,46670.31
sq-nx-sc,0.32,0.32,0.64,46904.54
sq-nx-sc,0.64,0.16,0.64,104569.15
sq-nx-sc,0.32,0.64,0.64,47968.95
sq-nx-sc,0.64,0.16,0.16,81773.18
sq-nx-sc,0.16,0.16,0.16,19955.83
sq-nx-sc,0.64,0.32,0.64,101950.31
sq-nx-sc,0.16,0.64,0.16,19396.29
sq-nx-sc,0.64,0.64,0.16,67089.78
sq-nx-sc,0.64,0.32,0.32,104787.21
sq-nx-sc,0.32,0.64,0.16,46333.38
sq-nx-sc,0.32,0.32,0.64,46209.03
sq-nx-sc,0.16,0.32,0.32,19775.78
sq-nx-sc,0.64,0.16,0.64,104588.46
sq-nx-sc,0.16,0.16,0.32,20023.49
sq-nx-sc,0.32,0.32,0.64,46985.06
sq-nx-sc,0.64,0.64,0.64,104498.83
sq-nx-sc,0.64,0.32,0.32,105134
sq-nx-sc,0.16,0.32,0.16,19261.1
sq-nx-sc,0.64,0.16,0.32,103111.9
sq-nx-sc,0.32,0.64,0.32,46549.62
sq-nx-sc,0.16,0.16,0.32,19887.62
sq-nx-sc,0.16,0.32,0.16,20302.5
sq-nx-sc,0.64,0.32,0.16,64224.44
sq-nx-sc,0.64,0.64,0.16,81515.21
sq-nx-sc,0.16,0.32,0.16,20025.26
sq-nx-sc,0.16,0.64,0.16,20266.16
sq-nx-sc,0.64,0.32,0.16,68520.89
sq-nx-sc,0.16,0.16,0.32,19547.07
sq-nx-sc,0.64,0.32,0.64,104750.03
sq-nx-sc,0.32,0.32,0.64,47199.86
sq-nx-sc,0.32,0.32,0.64,47321.81
sq-nx-sc,0.64,0.64,0.16,68094.25
sq-nx-sc,0.64,0.32,0.64,104877.7
sq-nx-sc,0.16,0.16,0.32,20141.69
sq-nx-sc,0.32,0.32,0.32,47658.95
sq-nx-sc,0.16,0.64,0.16,20087.06
sq-nx-sc,0.64,0.32,0.64,104870.28
sq-nx-sc,0.32,0.16,0.32,47730.84
sq-nx-sc,0.64,0.16,0.64,105782.92
sq-nx-sc,0.16,0.64,0.32,19197.96
sq-nx-sc,0.32,0.32,0.16,48023.5
sq-nx-sc,0.32,0.16,0.16,47588.18
sq-nx-sc,0.64,0.64,0.32,107025.46
sq-nx-sc,0.32,0.64,0.16,46053.22
sq-nx-sc,0.32,0.32,0.16,46756.12
sq-nx-sc,0.16,0.64,0.32,19959.97
sq-nx-sc,0.32,0.16,0.64,47611.02
sq-nx-sc,0.64,0.64,0.32,103774.89
sq-nx-sc,0.16,0.16,0.64,19607.43
sq-nx-sc,0.16,0.32,0.32,20258.27
sq-nx-sc,0.32,0.32,0.32,47304.56
sq-nx-sc,0.32,0.64,0.16,47817.84
sq-nx-sc,0.32,0.16,0.16,47233.01
sq-nx-sc,0.32,0.16,0.16,47444.84
sq-nx-sc,0.32,0.64,0.16,47802.65
sq-nx-sc,0.64,0.64,0.32,104142.67
sq-nx-sc,0.32,0.64,0.32,46560.45
sq-nx-sc,0.64,0.64,0.64,104048.25
sq-nx-sc,0.32,0.16,0.64,46968.45
sq-nx-sc,0.32,0.64,0.16,46968.75
sq-nx-sc,0.64,0.64,0.32,103825.6
sq-nx-sc,0.64,0.64,0.16,96891.73
sq-nx-sc,0.16,0.16,0.16,20361.27
sq-nx-sc,0.64,0.64,0.64,103626.3
sq-nx-sc,0.64,0.64,0.64,105582.08
sq-nx-sc,0.32,0.16,0.16,47029.02
sq-nx-sc,0.64,0.32,0.64,105007.65
sq-nx-sc,0.64,0.16,0.32,103432.43
sq-nx-sc,0.16,0.16,0.16,19519.76
sq-nx-sc,0.64,0.32,0.32,104022.96
sq-nx-sc,0.16,0.32,0.16,19778.29
sq-nx-sc,0.16,0.64,0.64,20163.08
sq-nx-sc,0.16,0.16,0.64,19715.73
sq-nx-sc,0.32,0.16,0.16,46959.03
sq-nx-sc,0.64,0.16,0.16,65730.39
sq-nx-sc,0.16,0.32,0.64,19536.73
sq-nx-sc,0.16,0.32,0.64,19891.28
sq-nx-sc,0.64,0.16,0.16,68420.61
sq-nx-sc,0.32,0.64,0.32,46325.66
sq-nx-sc,0.32,0.16,0.32,47527.05
sq-nx-sc,0.16,0.64,0.64,19737.92
sq-nx-sc,0.16,0.16,0.16,19814.29
sq-nx-sc,0.64,0.32,0.64,104736.2
sq-nx-sc,0.16,0.64,0.64,19691.63
sq-nx-sc,0.32,0.64,0.16,47887.98
sq-nx-sc,0.64,0.64,0.32,105414.59
sq-nx-sc,0.16,0.64,0.16,20204.07
sq-nx-sc,0.64,0.16,0.32,104346.78
sq-nx-sc,0.32,0.16,0.16,46544.53
sq-nx-sc,0.64,0.32,0.32,105435.5
sq-nx-sc,0.64,0.64,0.16,68412.64
sq-nx-sc,0.32,0.16,0.32,47177.84
sq-nx-sc,0.32,0.16,0.64,47274.53
sq-nx-sc,0.32,0.64,0.32,47892.23
sq-nx-sc,0.16,0.16,0.16,20307.03
sq-nx-sc,0.64,0.16,0.32,104639
sq-nx-sc,0.64,0.64,0.64,103807.41
sq-nx-sc,0.64,0.64,0.16,68295.97
sq-nx-sc,0.16,0.32,0.64,19818.97
sq-nx-sc,0.16,0.16,0.32,20297.17
sq-nx-sc,0.16,0.64,0.64,20361.77
sq-nx-sc,0.16,0.32,0.16,20132.48
sq-nx-sc,0.32,0.64,0.16,48473.22
sq-nx-sc,0.64,0.64,0.16,65109.11
sq-nx-sc,0.64,0.16,0.32,104663.75
sq-nx-sc,0.32,0.64,0.16,46338.09
sq-nx-sc,0.64,0.32,0.16,81562.19
sq-nx-sc,0.64,0.16,0.32,104301.14
sq-nx-sc,0.16,0.32,0.64,19683.34
sq-nx-sc,0.32,0.64,0.64,47032.91
sq-nx-sc,0.16,0.16,0.32,19623.13
sq-nx-sc,0.16,0.32,0.64,19258.58
sq-nx-sc,0.16,0.32,0.16,19752.99
sq-nx-sc,0.16,0.64,0.32,19541.83
sq-nx-sc,0.32,0.64,0.64,48344.97
sq-nx-sc,0.64,0.32,0.32,105471.96
sq-nx-sc,0.64,0.16,0.16,65865.38
sq-nx-sc,0.32,0.64,0.32,48395.65
sq-nx-sc,0.64,0.16,0.32,105752.47
sq-nx-sc,0.32,0.16,0.64,47115.81
sq-nx-sc,0.16,0.64,0.64,19734.92
sq-nx-sc,0.64,0.16,0.64,104481.38
sq-nx-sc,0.64,0.16,0.16,65855.64
sq-nx-sc,0.16,0.16,0.64,20355.01
sq-nx-sc,0.16,0.32,0.64,19925.58
sq-nx-sc,0.16,0.64,0.64,19925.1
sq-nx-sc,0.32,0.64,0.64,47240.11
sq-nx-sc,0.32,0.32,0.16,47088.39
sq-nx-sc,0.32,0.32,0.16,47740.61
sq-nx-sc,0.32,0.32,0.64,46695.93
sq-nx-sc,0.32,0.32,0.64,47986.14
sq-nx-sc,0.64,0.32,0.32,106972.3
sq-nx-sc,0.64,0.16,0.64,103716.63
sq-nx-sc,0.16,0.32,0.16,20495.29
sq-nx-sc,0.64,0.64,0.32,104118.91
sq-nx-sc,0.16,0.64,0.16,20060.29
sq-nx-sc,0.16,0.16,0.16,19754.62
sq-nx-sc,0.32,0.32,0.32,47526.9
sq-nx-sc,0.64,0.32,0.16,67564.66
sq-nx-sc,0.64,0.16,0.16,67446.56
sq-nx-sc,0.16,0.16,0.32,19575.99
sq-nx-sc,0.16,0.32,0.32,20063.91
sq-nx-sc,0.16,0.32,0.16,20131.19
sq-nx-sc,0.64,0.32,0.16,66602.46
sq-nx-sc,0.64,0.64,0.16,77440.32
sq-nx-sc,0.32,0.32,0.32,47825.08
sq-nx-sc,0.64,0.32,0.16,81924.75
sq-nx-sc,0.32,0.16,0.16,48469.72
sq-nx-sc,0.32,0.64,0.32,47688.23
sq-nx-sc,0.16,0.16,0.64,20021.99
sq-nx-sc,0.16,0.32,0.32,20046.97
sq-nx-sc,0.32,0.32,0.32,47734.82
sq-nx-sc,0.32,0.32,0.32,48402.34
sq-nx-sc,0.64,0.32,0.32,103773.05
sq-nx-sc,0.32,0.64,0.64,47326.91
sq-nx-sc,0.32,0.32,0.16,47453.2
sq-nx-sc,0.32,0.16,0.64,46102.95
sq-nx-sc,0.16,0.64,0.32,19919.05
sq-nx-sc,0.64,0.16,0.16,65728.28
sq-nx-sc,0.16,0.16,0.64,20051.27
sq-nx-sc,0.32,0.64,0.64,48119.07
sq-nx-sc,0.16,0.16,0.32,19886.45
sq-nx-sc,0.64,0.64,0.64,102919.79
sq-nx-sc,0.16,0.64,0.32,19594.78
sq-nx-sc,0.16,0.16,0.64,20254.05
sq-nx-sc,0.16,0.32,0.32,20277.97
sq-nx-sc,0.64,0.16,0.16,65932.26
sq-nx-sc,0.32,0.32,0.16,47663.66
sq-nx-sc,0.16,0.32,0.64,19856.93
sq-nx-sc,0.16,0.16,0.64,20038.33
sq-nx-sc,0.32,0.16,0.32,47098.34
sq-nx-sc,0.16,0.64,0.32,19655.89
sq-nx-sc,0.64,0.64,0.16,69605.47
sq-nx-sc,0.64,0.64,0.32,103145.57
sq-nx-sc,0.32,0.16,0.32,47514.97
sq-nx-sc,0.64,0.32,0.64,105326.44
sq-nx-sc,0.32,0.16,0.32,48247.45
sq-nx-sc,0.16,0.16,0.64,19933.46
sq-nx-sc,0.16,0.64,0.16,19465.57
sq-nx-sc,0.64,0.16,0.64,102978.31
sq-nx-sc,0.64,0.32,0.16,66777.78
sq-nx-sc,0.32,0.32,0.64,46686.88
sq-nx-sc,0.32,0.16,0.64,47461.78
sq-nx-sc,0.64,0.16,0.64,104213.19
sq-nx-sc,0.16,0.64,0.16,19613.4
sq-nx-sc,0.32,0.32,0.32,47237.46
sq-nx-sc,0.32,0.32,0.64,47532.29
sq-nx-sc,0.32,0.64,0.16,47162.49
sq-nx-sc,0.16,0.16,0.64,19809.52
sq-nx-sc,0.32,0.64,0.64,46403.21
sq-nx-sc,0.16,0.16,0.16,19881.77
sq-nx-sc,0.64,0.64,0.16,67216.95
sq-nx-sc,0.32,0.64,0.32,47542.46
sq-nx-sc,0.16,0.64,0.16,20524.94
sq-nx-sc,0.64,0.16,0.64,104571.01
sq-nx-sc,0.16,0.16,0.32,19859.43
sq-nx-sc,0.64,0.32,0.64,103492.49
sq-nx-sc,0.64,0.64,0.64,103614.83
sq-nx-sc,0.16,0.32,0.16,20185.09
sq-nx-sc,0.16,0.32,0.16,19120.57
sq-nx-sc,0.64,0.64,0.32,103856.13
sq-nx-sc,0.16,0.32,0.32,19841.77
sq-nx-sc,0.64,0.16,0.32,103660.76
sq-nx-sc,0.64,0.16,0.32,104517.37
sq-nx-sc,0.64,0.64,0.64,103419.19
sq-nx-sc,0.64,0.32,0.64,103562.09
sq-nx-sc,0.32,0.32,0.16,47890.27
sq-nx-sc,0.32,0.16,0.16,46669.7
sq-nx-sc,0.16,0.16,0.16,20475.79
sq-nx-sc,0.32,0.64,0.64,47536.24
sq-nx-sc,0.16,0.32,0.32,20261.19
sq-nx-sc,0.64,0.32,0.32,106380.21
sq-nx-sc,0.32,0.16,0.32,46401.63
sq-nx-sc,0.16,0.64,0.64,19823.96
sq-nx-sc,0.16,0.64,0.16,19901.91
sq-nx-sc,0.16,0.64,0.64,20194.2
sq-nx-sc,0.64,0.16,0.32,102665.1
sq-nx-sc,0.64,0.64,0.64,105315.73
sq-nx-sc,0.64,0.32,0.16,68192.38
sq-nx-sc,0.16,0.16,0.16,19992.47
sq-nx-sc,0.16,0.16,0.64,20168.99
sq-nx-sc,0.16,0.64,0.32,20139.36
sq-nx-sc,0.64,0.64,0.64,104206.72
sq-nx-sc,0.64,0.32,0.32,104673.92
sq-nx-sc,0.32,0.64,0.16,45789.63
nx-sc-sq-phys-isolated,0.16,0.64,0.16,33398.94
nx-sc-sq-phys-isolated,0.32,0.32,0.16,41317.8
nx-sc-sq-phys-isolated,0.32,0.32,0.16,40511.97
nx-sc-sq-phys-isolated,0.64,0.64,0.16,29292.79
nx-sc-sq-phys-isolated,0.32,0.32,0.32,46850
nx-sc-sq-phys-isolated,0.16,0.64,0.32,48862.4
nx-sc-sq-phys-isolated,0.64,0.16,0.32,20774.67
nx-sc-sq-phys-isolated,0.64,0.16,0.16,20892.02
nx-sc-sq-phys-isolated,0.32,0.64,0.64,82986.53
nx-sc-sq-phys-isolated,0.32,0.16,0.32,22783.8
nx-sc-sq-phys-isolated,0.16,0.32,0.64,57465.61
nx-sc-sq-phys-isolated,0.16,0.16,0.64,26548.63
nx-sc-sq-phys-isolated,0.64,0.32,0.64,48857.88
nx-sc-sq-phys-isolated,0.16,0.64,0.16,29276.92
nx-sc-sq-phys-isolated,0.64,0.64,0.32,27674.24
nx-sc-sq-phys-isolated,0.16,0.32,0.32,26692.74
nx-sc-sq-phys-isolated,0.32,0.16,0.16,20421.7
nx-sc-sq-phys-isolated,0.64,0.16,0.16,21156.32
nx-sc-sq-phys-isolated,0.16,0.32,0.64,27755.92
nx-sc-sq-phys-isolated,0.32,0.16,0.64,21404.47
nx-sc-sq-phys-isolated,0.64,0.32,0.16,42773.1
nx-sc-sq-phys-isolated,0.16,0.64,0.32,45963.67
nx-sc-sq-phys-isolated,0.16,0.64,0.32,45030.31
nx-sc-sq-phys-isolated,0.64,0.32,0.32,48950.94
nx-sc-sq-phys-isolated,0.64,0.32,0.64,48852.31
nx-sc-sq-phys-isolated,0.64,0.32,0.64,60961.21
nx-sc-sq-phys-isolated,0.32,0.64,0.64,59685.78
nx-sc-sq-phys-isolated,0.16,0.16,0.16,39952.1
nx-sc-sq-phys-isolated,0.32,0.16,0.32,5397.37
nx-sc-sq-phys-isolated,0.64,0.16,0.64,39843.53
nx-sc-sq-phys-isolated,0.64,0.64,0.16,38033.37
nx-sc-sq-phys-isolated,0.16,0.32,0.64,32684.72
nx-sc-sq-phys-isolated,0.64,0.16,0.64,18840.69
nx-sc-sq-phys-isolated,0.32,0.32,0.64,59509.42
nx-sc-sq-phys-isolated,0.64,0.16,0.64,27275.01
nx-sc-sq-phys-isolated,0.16,0.32,0.32,28127.09
nx-sc-sq-phys-isolated,0.16,0.16,0.16,28594.17
nx-sc-sq-phys-isolated,0.16,0.64,0.32,28746.94
nx-sc-sq-phys-isolated,0.16,0.16,0.32,20378.76
nx-sc-sq-phys-isolated,0.64,0.64,0.64,146207.12
nx-sc-sq-phys-isolated,0.32,0.64,0.32,54861.78
nx-sc-sq-phys-isolated,0.32,0.64,0.16,41856.06
nx-sc-sq-phys-isolated,0.32,0.32,0.32,59722.43
nx-sc-sq-phys-isolated,0.64,0.32,0.32,56611.74
nx-sc-sq-phys-isolated,0.32,0.16,0.64,20488.81
nx-sc-sq-phys-isolated,0.16,0.16,0.16,22363.89
nx-sc-sq-phys-isolated,0.16,0.64,0.64,27978.46
nx-sc-sq-phys-isolated,0.16,0.32,0.64,30725.35
nx-sc-sq-phys-isolated,0.16,0.16,0.64,31226.38
nx-sc-sq-phys-isolated,0.16,0.32,0.16,28826.68
nx-sc-sq-phys-isolated,0.32,0.32,0.64,15295.65
nx-sc-sq-phys-isolated,0.64,0.16,0.16,29172.43
nx-sc-sq-phys-isolated,0.16,0.64,0.64,26548.39
nx-sc-sq-phys-isolated,0.32,0.32,0.16,35219.48
nx-sc-sq-phys-isolated,0.64,0.32,0.32,54116.34
nx-sc-sq-phys-isolated,0.32,0.16,0.64,24726.89
nx-sc-sq-phys-isolated,0.32,0.16,0.32,26782.67
nx-sc-sq-phys-isolated,0.32,0.32,0.16,22115.04
nx-sc-sq-phys-isolated,0.64,0.64,0.32,91487
nx-sc-sq-phys-isolated,0.16,0.64,0.16,28673.1
nx-sc-sq-phys-isolated,0.32,0.64,0.32,60992.06
nx-sc-sq-phys-isolated,0.64,0.64,0.64,124352.03
nx-sc-sq-phys-isolated,0.16,0.32,0.64,29687.69
nx-sc-sq-phys-isolated,0.32,0.64,0.64,63585.45
nx-sc-sq-phys-isolated,0.16,0.32,0.16,30949.08
nx-sc-sq-phys-isolated,0.64,0.64,0.32,94208.21
nx-sc-sq-phys-isolated,0.64,0.16,0.16,19754.02
nx-sc-sq-phys-isolated,0.16,0.64,0.32,28095.33
nx-sc-sq-phys-isolated,0.64,0.64,0.16,31684.61
nx-sc-sq-phys-isolated,0.32,0.32,0.32,62733.73
nx-sc-sq-phys-isolated,0.32,0.16,0.64,27561.78
nx-sc-sq-phys-isolated,0.64,0.32,0.16,47584.4
nx-sc-sq-phys-isolated,0.64,0.32,0.64,58302.86
nx-sc-sq-phys-isolated,0.32,0.32,0.64,62658.79
nx-sc-sq-phys-isolated,0.16,0.64,0.16,29478.6
nx-sc-sq-phys-isolated,0.32,0.16,0.64,25035.26
nx-sc-sq-phys-isolated,0.32,0.32,0.64,57636.15
nx-sc-sq-phys-isolated,0.16,0.32,0.64,26739.09
nx-sc-sq-phys-isolated,0.64,0.32,0.64,61230.71
nx-sc-sq-phys-isolated,0.64,0.16,0.64,20695.75
nx-sc-sq-phys-isolated,0.64,0.32,0.16,50369.04
nx-sc-sq-phys-isolated,0.32,0.16,0.64,20664.71
nx-sc-sq-phys-isolated,0.32,0.64,0.32,55582.05
nx-sc-sq-phys-isolated,0.32,0.64,0.16,39439.76
nx-sc-sq-phys-isolated,0.64,0.32,0.64,47077.95
nx-sc-sq-phys-isolated,0.32,0.32,0.64,44066.26
nx-sc-sq-phys-isolated,0.32,0.64,0.16,22141.63
nx-sc-sq-phys-isolated,0.16,0.16,0.64,32680.08
nx-sc-sq-phys-isolated,0.64,0.64,0.16,41014.11
nx-sc-sq-phys-isolated,0.32,0.16,0.16,23979.51
nx-sc-sq-phys-isolated,0.32,0.64,0.16,31316.75
nx-sc-sq-phys-isolated,0.16,0.64,0.32,27390.63
nx-sc-sq-phys-isolated,0.64,0.64,0.32,81173.32
nx-sc-sq-phys-isolated,0.16,0.16,0.32,25984.51
nx-sc-sq-phys-isolated,0.32,0.32,0.16,39253.66
nx-sc-sq-phys-isolated,0.16,0.32,0.64,43488.63
nx-sc-sq-phys-isolated,0.64,0.16,0.64,19881.86
nx-sc-sq-phys-isolated,0.32,0.16,0.64,34719.95
nx-sc-sq-phys-isolated,0.64,0.16,0.64,21090.39
nx-sc-sq-phys-isolated,0.64,0.16,0.32,21035.13
nx-sc-sq-phys-isolated,0.64,0.64,0.16,28421.72
nx-sc-sq-phys-isolated,0.32,0.32,0.64,63596.65
nx-sc-sq-phys-isolated,0.16,0.32,0.32,57098.69
nx-sc-sq-phys-isolated,0.64,0.16,0.64,25077.32
nx-sc-sq-phys-isolated,0.32,0.16,0.32,28092.69
nx-sc-sq-phys-isolated,0.16,0.32,0.32,28671.63
nx-sc-sq-phys-isolated,0.64,0.64,0.64,128377.55
nx-sc-sq-phys-isolated,0.64,0.64,0.32,71045.85
nx-sc-sq-phys-isolated,0.32,0.16,0.16,20431.7
nx-sc-sq-phys-isolated,0.32,0.32,0.16,43108.14
nx-sc-sq-phys-isolated,0.16,0.64,0.16,27946.53
nx-sc-sq-phys-isolated,0.64,0.32,0.16,50344.81
nx-sc-sq-phys-isolated,0.32,0.32,0.32,51663.33
nx-sc-sq-phys-isolated,0.64,0.32,0.32,49553.27
nx-sc-sq-phys-isolated,0.64,0.64,0.16,28118.46
nx-sc-sq-phys-isolated,0.16,0.64,0.64,29810.13
nx-sc-sq-phys-isolated,0.64,0.64,0.64,16991.63
nx-sc-sq-phys-isolated,0.64,0.64,0.64,139242.08
nx-sc-sq-phys-isolated,0.64,0.64,0.32,102689.08
nx-sc-sq-phys-isolated,0.64,0.16,0.32,19689.86
nx-sc-sq-phys-isolated,0.32,0.64,0.32,64976.76
nx-sc-sq-phys-isolated,0.32,0.32,0.32,52954.02
nx-sc-sq-phys-isolated,0.32,0.16,0.32,27474
nx-sc-sq-phys-isolated,0.16,0.32,0.64,44032.05
nx-sc-sq-phys-isolated,0.64,0.64,0.64,147040.81
nx-sc-sq-phys-isolated,0.64,0.16,0.32,19578.66
nx-sc-sq-phys-isolated,0.16,0.64,0.32,10650.24
nx-sc-sq-phys-isolated,0.16,0.32,0.64,27612.64
nx-sc-sq-phys-isolated,0.64,0.32,0.16,44133.18
nx-sc-sq-phys-isolated,0.64,0.16,0.16,28141.56
nx-sc-sq-phys-isolated,0.16,0.64,0.16,22779.17
nx-sc-sq-phys-isolated,0.32,0.32,0.16,23876.78
nx-sc-sq-phys-isolated,0.32,0.32,0.64,63866.75
nx-sc-sq-phys-isolated,0.32,0.32,0.16,35665.42
nx-sc-sq-phys-isolated,0.16,0.64,0.64,28393.01
nx-sc-sq-phys-isolated,0.64,0.32,0.32,48471.87
nx-sc-sq-phys-isolated,0.64,0.16,0.16,21246.38
nx-sc-sq-phys-isolated,0.64,0.16,0.32,26960.07
nx-sc-sq-phys-isolated,0.16,0.32,0.16,28988.72
nx-sc-sq-phys-isolated,0.64,0.32,0.16,40030.11
nx-sc-sq-phys-isolated,0.64,0.64,0.16,30363.58
nx-sc-sq-phys-isolated,0.16,0.64,0.16,21289.63
nx-sc-sq-phys-isolated,0.32,0.16,0.32,30398.96
nx-sc-sq-phys-isolated,0.64,0.64,0.64,28828.6
nx-sc-sq-phys-isolated,0.16,0.16,0.32,28209.81
nx-sc-sq-phys-isolated,0.64,0.16,0.32,21611.28
nx-sc-sq-phys-isolated,0.32,0.32,0.32,50369.41
nx-sc-sq-phys-isolated,0.64,0.64,0.32,59392.45
nx-sc-sq-phys-isolated,0.64,0.32,0.32,47229.04
nx-sc-sq-phys-isolated,0.16,0.64,0.16,30532.78
nx-sc-sq-phys-isolated,0.32,0.64,0.32,68921.27
nx-sc-sq-phys-isolated,0.16,0.16,0.64,25729.13
nx-sc-sq-phys-isolated,0.16,0.32,0.16,36882.29
nx-sc-sq-phys-isolated,0.16,0.16,0.16,30686.8
nx-sc-sq-phys-isolated,0.32,0.64,0.16,22300.9
nx-sc-sq-phys-isolated,0.16,0.32,0.32,45640.65
nx-sc-sq-phys-isolated,0.32,0.16,0.64,20785.94
nx-sc-sq-phys-isolated,0.16,0.16,0.64,25842.97
nx-sc-sq-phys-isolated,0.16,0.32,0.64,29463.73
nx-sc-sq-phys-isolated,0.16,0.16,0.16,26616.01
nx-sc-sq-phys-isolated,0.16,0.64,0.32,29646.08
nx-sc-sq-phys-isolated,0.64,0.64,0.16,29712.34
nx-sc-sq-phys-isolated,0.16,0.16,0.32,28828.23
nx-sc-sq-phys-isolated,0.32,0.64,0.64,61997.69
nx-sc-sq-phys-isolated,0.16,0.64,0.64,27835.3
nx-sc-sq-phys-isolated,0.16,0.64,0.64,42031.67
nx-sc-sq-phys-isolated,0.64,0.32,0.16,45922.23
nx-sc-sq-phys-isolated,0.16,0.64,0.32,28558.21
nx-sc-sq-phys-isolated,0.16,0.64,0.64,39637.27
nx-sc-sq-phys-isolated,0.64,0.16,0.32,25714.74
nx-sc-sq-phys-isolated,0.16,0.16,0.64,27115.15
nx-sc-sq-phys-isolated,0.16,0.16,0.32,29103.69
nx-sc-sq-phys-isolated,0.32,0.64,0.64,89070.75
nx-sc-sq-phys-isolated,0.32,0.64,0.16,28346.44
nx-sc-sq-phys-isolated,0.16,0.32,0.32,27372
nx-sc-sq-phys-isolated,0.16,0.64,0.32,27983.44
nx-sc-sq-phys-isolated,0.16,0.64,0.16,42266.52
nx-sc-sq-phys-isolated,0.16,0.16,0.64,22669.99
nx-sc-sq-phys-isolated,0.64,0.64,0.16,21547.64
nx-sc-sq-phys-isolated,0.16,0.32,0.16,28053.74
nx-sc-sq-phys-isolated,0.64,0.16,0.64,19906.48
nx-sc-sq-phys-isolated,0.32,0.64,0.64,43414.38
nx-sc-sq-phys-isolated,0.32,0.32,0.32,60127.26
nx-sc-sq-phys-isolated,0.16,0.16,0.64,20318.4
nx-sc-sq-phys-isolated,0.32,0.64,0.16,29055.68
nx-sc-sq-phys-isolated,0.32,0.16,0.64,25675.41
nx-sc-sq-phys-isolated,0.32,0.16,0.16,19301.96
nx-sc-sq-phys-isolated,0.64,0.32,0.32,53444.86
nx-sc-sq-phys-isolated,0.64,0.32,0.64,64720.49
nx-sc-sq-phys-isolated,0.16,0.32,0.32,28477.42
nx-sc-sq-phys-isolated,0.32,0.64,0.64,91629.02
nx-sc-sq-phys-isolated,0.64,0.16,0.32,26537.57
nx-sc-sq-phys-isolated,0.32,0.32,0.16,29384.07
nx-sc-sq-phys-isolated,0.32,0.16,0.16,20652.07
nx-sc-sq-phys-isolated,0.64,0.64,0.32,68553.59
nx-sc-sq-phys-isolated,0.32,0.16,0.16,27826.76
nx-sc-sq-phys-isolated,0.32,0.64,0.32,61826.52
nx-sc-sq-phys-isolated,0.64,0.32,0.16,32080.36
nx-sc-sq-phys-isolated,0.16,0.16,0.16,23419.65
nx-sc-sq-phys-isolated,0.32,0.64,0.16,39491.18
nx-sc-sq-phys-isolated,0.32,0.16,0.16,21069.09
nx-sc-sq-phys-isolated,0.16,0.16,0.32,26276.3
nx-sc-sq-phys-isolated,0.32,0.32,0.64,59787.15
nx-sc-sq-phys-isolated,0.32,0.16,0.16,25776.52
nx-sc-sq-phys-isolated,0.32,0.32,0.32,60825.08
nx-sc-sq-phys-isolated,0.16,0.32,0.16,30330.52
nx-sc-sq-phys-isolated,0.64,0.64,0.64,128690.4
nx-sc-sq-phys-isolated,0.64,0.64,0.16,38378.73
nx-sc-sq-phys-isolated,0.64,0.32,0.32,60968.3
nx-sc-sq-phys-isolated,0.32,0.32,0.64,41788.88
nx-sc-sq-phys-isolated,0.64,0.32,0.64,51906.56
nx-sc-sq-phys-isolated,0.32,0.64,0.32,44588.88
nx-sc-sq-phys-isolated,0.32,0.64,0.16,28813.97
nx-sc-sq-phys-isolated,0.32,0.64,0.32,35197.63
nx-sc-sq-phys-isolated,0.32,0.16,0.64,31507.56
nx-sc-sq-phys-isolated,0.64,0.16,0.16,20976.07
nx-sc-sq-phys-isolated,0.64,0.64,0.32,84086.97
nx-sc-sq-phys-isolated,0.16,0.32,0.32,27869.66
nx-sc-sq-phys-isolated,0.16,0.16,0.64,27465.2
nx-sc-sq-phys-isolated,0.32,0.32,0.16,38722.56
nx-sc-sq-phys-isolated,0.64,0.64,0.64,112808.9
nx-sc-sq-phys-isolated,0.64,0.16,0.16,28458.51
nx-sc-sq-phys-isolated,0.64,0.16,0.16,25850.35
nx-sc-sq-phys-isolated,0.16,0.32,0.16,36636.55
nx-sc-sq-phys-isolated,0.64,0.16,0.32,29672.09
nx-sc-sq-phys-isolated,0.16,0.16,0.16,19939.8
nx-sc-sq-phys-isolated,0.16,0.32,0.32,28169.91
nx-sc-sq-phys-isolated,0.16,0.32,0.16,25801.56
nx-sc-sq-phys-isolated,0.16,0.16,0.32,26441.21
nx-sc-sq-phys-isolated,0.16,0.32,0.16,22333.3
nx-sc-sq-phys-isolated,0.32,0.64,0.16,31316.5
nx-sc-sq-phys-isolated,0.16,0.16,0.16,24924.01
nx-sc-sq-phys-isolated,0.64,0.16,0.16,28772.96
nx-sc-sq-phys-isolated,0.32,0.64,0.32,70884.67
nx-sc-sq-phys-isolated,0.64,0.32,0.32,59354.03
nx-sc-sq-phys-isolated,0.32,0.16,0.16,20049.78
nx-sc-sq-phys-isolated,0.32,0.16,0.32,31131.66
nx-sc-sq-phys-isolated,0.16,0.16,0.64,19671.25
nx-sc-sq-phys-isolated,0.32,0.64,0.64,76473.82
nx-sc-sq-phys-isolated,0.16,0.64,0.64,47738.59
nx-sc-sq-phys-isolated,0.32,0.16,0.16,24134.59
nx-sc-sq-phys-isolated,0.64,0.64,0.32,71841.36
nx-sc-sq-phys-isolated,0.16,0.64,0.64,28402.66
nx-sc-sq-phys-isolated,0.16,0.16,0.16,26488.87
nx-sc-sq-phys-isolated,0.16,0.16,0.32,19272.57
nx-sc-sq-phys-isolated,0.64,0.32,0.32,61566.26
nx-sc-sq-phys-isolated,0.32,0.64,0.32,69819.37
nx-sc-sq-phys-isolated,0.32,0.16,0.32,20250.68
nx-sc-sq-phys-isolated,0.32,0.64,0.64,64774.59
nx-sc-sq-phys-isolated,0.32,0.32,0.32,59205.29
nx-sc-sq-phys-isolated,0.64,0.32,0.64,56971.27
nx-sc-sq-phys-isolated,0.32,0.16,0.32,20681.2
nx-sc-sq-phys-isolated,0.16,0.64,0.16,27055.56
nx-sc-sq-phys-isolated,0.32,0.32,0.32,60822.79
nx-sc-sq-phys-isolated,0.64,0.32,0.16,31688.07
nx-sc-sq-phys-isolated,0.64,0.32,0.16,20614.13
nx-sc-sq-phys-isolated,0.16,0.16,0.16,26915.7
nx-sc-sq-phys-isolated,0.64,0.32,0.64,49933.93
nx-sc-sq-phys-isolated,0.16,0.32,0.16,39737.62
nx-sc-sq-phys-isolated,0.16,0.64,0.64,27578.41
nx-sc-sq-phys-isolated,0.64,0.16,0.32,31451.86
nx-sc-sq-phys-isolated,0.16,0.16,0.32,26646.73
nx-sc-sq-phys-isolated,0.32,0.16,0.32,28280.18
nx-sc-sq-phys-isolated,0.16,0.32,0.32,43790.35
nx-sc-sq-phys-isolated,0.16,0.16,0.32,22896.65
nx-sc-sq-phys-isolated,0.64,0.16,0.64,25690.84
nx-sc-sq-phys-isolated,0.64,0.16,0.64,27929.07
nx-sc-sq-phys-isolated,0.32,0.32,0.64,57649.65
nx-sc-sq-phys-isolated,0.32,0.64,0.64,60908.01
nx-sc-sq-phys-isolated,0.64,0.64,0.64,123793.73
sc-sq-nx-phys-isolated,0.32,0.16,0.16,45848.45
sc-sq-nx-phys-isolated,0.16,0.32,0.32,39404.51
sc-sq-nx-phys-isolated,0.64,0.64,0.16,44508.29
sc-sq-nx-phys-isolated,0.16,0.64,0.32,39302.24
sc-sq-nx-phys-isolated,0.64,0.64,0.32,86963.6
sc-sq-nx-phys-isolated,0.64,0.64,0.16,22662.85
sc-sq-nx-phys-isolated,0.32,0.64,0.32,77292.61
sc-sq-nx-phys-isolated,0.16,0.16,0.32,37334.23
sc-sq-nx-phys-isolated,0.32,0.64,0.32,87157.29
sc-sq-nx-phys-isolated,0.16,0.16,0.64,18240.02
sc-sq-nx-phys-isolated,0.64,0.16,0.64,27995.24
sc-sq-nx-phys-isolated,0.32,0.32,0.64,83667.26
sc-sq-nx-phys-isolated,0.64,0.64,0.32,87257.92
sc-sq-nx-phys-isolated,0.16,0.32,0.32,37020.49
sc-sq-nx-phys-isolated,0.64,0.32,0.16,26302.93
sc-sq-nx-phys-isolated,0.16,0.32,0.32,49749.43
sc-sq-nx-phys-isolated,0.32,0.64,0.64,82393.68
sc-sq-nx-phys-isolated,0.64,0.32,0.16,44631.11
sc-sq-nx-phys-isolated,0.16,0.32,0.16,36657.63
sc-sq-nx-phys-isolated,0.16,0.64,0.32,39196.22
sc-sq-nx-phys-isolated,0.16,0.64,0.64,37415.91
sc-sq-nx-phys-isolated,0.64,0.32,0.32,67510.83
sc-sq-nx-phys-isolated,0.32,0.16,0.32,30903.04
sc-sq-nx-phys-isolated,0.16,0.16,0.16,36869.49
sc-sq-nx-phys-isolated,0.32,0.64,0.64,88072.28
sc-sq-nx-phys-isolated,0.16,0.16,0.64,43661.53
sc-sq-nx-phys-isolated,0.16,0.64,0.64,37609.24
sc-sq-nx-phys-isolated,0.16,0.32,0.64,36769.7
sc-sq-nx-phys-isolated,0.64,0.16,0.16,27599.86
sc-sq-nx-phys-isolated,0.64,0.32,0.64,79972.3
sc-sq-nx-phys-isolated,0.16,0.32,0.64,42337.83
sc-sq-nx-phys-isolated,0.16,0.16,0.64,44353.61
sc-sq-nx-phys-isolated,0.32,0.16,0.16,20722.2
sc-sq-nx-phys-isolated,0.32,0.64,0.32,68030.36
sc-sq-nx-phys-isolated,0.64,0.32,0.64,76908.89
sc-sq-nx-phys-isolated,0.64,0.64,0.32,88138.29
sc-sq-nx-phys-isolated,0.16,0.64,0.32,42941.72
sc-sq-nx-phys-isolated,0.16,0.32,0.16,35646.07
sc-sq-nx-phys-isolated,0.16,0.64,0.16,42331.25
sc-sq-nx-phys-isolated,0.64,0.16,0.16,34582.64
sc-sq-nx-phys-isolated,0.64,0.64,0.64,148168.62
sc-sq-nx-phys-isolated,0.16,0.32,0.32,38742.4
sc-sq-nx-phys-isolated,0.64,0.32,0.16,38879.04
sc-sq-nx-phys-isolated,0.32,0.64,0.64,95117.78
sc-sq-nx-phys-isolated,0.64,0.16,0.32,35278.29
sc-sq-nx-phys-isolated,0.64,0.16,0.16,34912.39
sc-sq-nx-phys-isolated,0.64,0.64,0.32,91984.26
sc-sq-nx-phys-isolated,0.16,0.16,0.64,36812.96
sc-sq-nx-phys-isolated,0.16,0.64,0.32,34421.72
sc-sq-nx-phys-isolated,0.32,0.16,0.64,34004.47
sc-sq-nx-phys-isolated,0.32,0.32,0.16,39303.61
sc-sq-nx-phys-isolated,0.32,0.32,0.32,76503.58
sc-sq-nx-phys-isolated,0.32,0.64,0.64,83676.66
sc-sq-nx-phys-isolated,0.32,0.64,0.32,71145.6
sc-sq-nx-phys-isolated,0.32,0.16,0.16,40089.83
sc-sq-nx-phys-isolated,0.32,0.32,0.64,77858.34
sc-sq-nx-phys-isolated,0.16,0.64,0.16,39930.23
sc-sq-nx-phys-isolated,0.64,0.32,0.32,74916.7
sc-sq-nx-phys-isolated,0.16,0.16,0.32,42421.23
sc-sq-nx-phys-isolated,0.32,0.32,0.16,47110.57
sc-sq-nx-phys-isolated,0.64,0.16,0.64,26407.25
sc-sq-nx-phys-isolated,0.64,0.16,0.32,39547.07
sc-sq-nx-phys-isolated,0.64,0.16,0.16,36603.4
sc-sq-nx-phys-isolated,0.16,0.16,0.64,39787.27
sc-sq-nx-phys-isolated,0.32,0.16,0.64,35946.71
sc-sq-nx-phys-isolated,0.32,0.32,0.16,20228.04
sc-sq-nx-phys-isolated,0.32,0.32,0.32,87700.16
sc-sq-nx-phys-isolated,0.64,0.64,0.64,153664.48
sc-sq-nx-phys-isolated,0.64,0.64,0.16,46072.6
sc-sq-nx-phys-isolated,0.16,0.32,0.64,39210.04
sc-sq-nx-phys-isolated,0.32,0.64,0.16,27756.38
sc-sq-nx-phys-isolated,0.32,0.32,0.64,80014.56
sc-sq-nx-phys-isolated,0.32,0.64,0.16,19579.31
sc-sq-nx-phys-isolated,0.16,0.16,0.16,42724.05
sc-sq-nx-phys-isolated,0.16,0.32,0.64,36252.74
sc-sq-nx-phys-isolated,0.64,0.32,0.64,66921.05
sc-sq-nx-phys-isolated,0.16,0.64,0.64,34699.26
sc-sq-nx-phys-isolated,0.16,0.32,0.32,31791.07
sc-sq-nx-phys-isolated,0.32,0.64,0.64,85625.45
sc-sq-nx-phys-isolated,0.16,0.64,0.16,37697.39
sc-sq-nx-phys-isolated,0.64,0.16,0.32,28668.65
sc-sq-nx-phys-isolated,0.32,0.64,0.16,44876.25
sc-sq-nx-phys-isolated,0.16,0.32,0.16,34262.8
sc-sq-nx-phys-isolated,0.16,0.32,0.32,35434.54
sc-sq-nx-phys-isolated,0.32,0.16,0.16,37604.3
sc-sq-nx-phys-isolated,0.16,0.16,0.64,36141.42
sc-sq-nx-phys-isolated,0.64,0.16,0.16,34751.59
sc-sq-nx-phys-isolated,0.32,0.16,0.64,31455.63
sc-sq-nx-phys-isolated,0.16,0.16,0.16,42643.81
sc-sq-nx-phys-isolated,0.16,0.64,0.32,37560.45
sc-sq-nx-phys-isolated,0.16,0.16,0.64,34321.82
sc-sq-nx-phys-isolated,0.16,0.64,0.32,34090.22
sc-sq-nx-phys-isolated,0.64,0.16,0.64,34758.3
sc-sq-nx-phys-isolated,0.64,0.16,0.16,26764.89
sc-sq-nx-phys-isolated,0.16,0.64,0.64,41625.58
sc-sq-nx-phys-isolated,0.64,0.32,0.32,49267.96
sc-sq-nx-phys-isolated,0.32,0.16,0.16,34515.4
sc-sq-nx-phys-isolated,0.64,0.32,0.64,89158.44
sc-sq-nx-phys-isolated,0.64,0.64,0.16,45474.4
sc-sq-nx-phys-isolated,0.16,0.64,0.16,35968.87
sc-sq-nx-phys-isolated,0.64,0.32,0.64,81055.1
sc-sq-nx-phys-isolated,0.64,0.64,0.16,42196.3
sc-sq-nx-phys-isolated,0.16,0.32,0.32,38594.94
sc-sq-nx-phys-isolated,0.32,0.32,0.64,72399.34
sc-sq-nx-phys-isolated,0.32,0.16,0.16,33255.62
sc-sq-nx-phys-isolated,0.16,0.16,0.16,31960.44
sc-sq-nx-phys-isolated,0.16,0.64,0.32,40800.5
sc-sq-nx-phys-isolated,0.16,0.64,0.32,35761.58
sc-sq-nx-phys-isolated,0.16,0.16,0.16,40316.29
sc-sq-nx-phys-isolated,0.16,0.32,0.16,42368.07
sc-sq-nx-phys-isolated,0.16,0.16,0.32,35955.8
sc-sq-nx-phys-isolated,0.16,0.64,0.16,20721.17
sc-sq-nx-phys-isolated,0.64,0.16,0.16,40325.55
sc-sq-nx-phys-isolated,0.32,0.64,0.16,20090.54
sc-sq-nx-phys-isolated,0.16,0.16,0.64,35205.51
sc-sq-nx-phys-isolated,0.64,0.64,0.64,152427.49
sc-sq-nx-phys-isolated,0.16,0.64,0.64,39299.51
sc-sq-nx-phys-isolated,0.64,0.64,0.64,149111.83
sc-sq-nx-phys-isolated,0.64,0.16,0.64,36176.96
sc-sq-nx-phys-isolated,0.64,0.32,0.16,43342.6
sc-sq-nx-phys-isolated,0.64,0.16,0.16,37894.02
sc-sq-nx-phys-isolated,0.16,0.64,0.16,34534.27
sc-sq-nx-phys-isolated,0.64,0.64,0.32,87019.18
sc-sq-nx-phys-isolated,0.64,0.64,0.16,8164.33
sc-sq-nx-phys-isolated,0.64,0.32,0.32,46749.68
sc-sq-nx-phys-isolated,0.64,0.16,0.32,36006.07
sc-sq-nx-phys-isolated,0.16,0.32,0.32,38419.82
sc-sq-nx-phys-isolated,0.64,0.16,0.64,28178.33
sc-sq-nx-phys-isolated,0.32,0.16,0.32,33417.31
sc-sq-nx-phys-isolated,0.64,0.32,0.64,67612.62
sc-sq-nx-phys-isolated,0.64,0.16,0.32,37269.15
sc-sq-nx-phys-isolated,0.32,0.64,0.64,79871.21
sc-sq-nx-phys-isolated,0.16,0.16,0.32,33898.34
sc-sq-nx-phys-isolated,0.64,0.64,0.16,39072.84
sc-sq-nx-phys-isolated,0.16,0.32,0.16,22849.33
sc-sq-nx-phys-isolated,0.32,0.16,0.64,41413.08
sc-sq-nx-phys-isolated,0.16,0.32,0.16,36930.83
sc-sq-nx-phys-isolated,0.16,0.64,0.64,39986.96
sc-sq-nx-phys-isolated,0.64,0.64,0.64,104305.39
sc-sq-nx-phys-isolated,0.32,0.64,0.16,30358.83
sc-sq-nx-phys-isolated,0.16,0.32,0.32,36461.12
sc-sq-nx-phys-isolated,0.32,0.32,0.16,31031.92
sc-sq-nx-phys-isolated,0.32,0.32,0.64,84280.25
sc-sq-nx-phys-isolated,0.64,0.32,0.64,70332.62
sc-sq-nx-phys-isolated,0.32,0.64,0.32,86890.51
sc-sq-nx-phys-isolated,0.32,0.32,0.16,25452.41
sc-sq-nx-phys-isolated,0.16,0.64,0.16,35786.85
sc-sq-nx-phys-isolated,0.32,0.32,0.32,32284.27
sc-sq-nx-phys-isolated,0.64,0.16,0.32,26174.86
sc-sq-nx-phys-isolated,0.64,0.32,0.32,82071.86
sc-sq-nx-phys-isolated,0.32,0.32,0.64,86140.74
sc-sq-nx-phys-isolated,0.64,0.32,0.32,51513
sc-sq-nx-phys-isolated,0.64,0.64,0.64,158580.05
sc-sq-nx-phys-isolated,0.16,0.16,0.32,34480.91
sc-sq-nx-phys-isolated,0.16,0.16,0.32,41186.45
sc-sq-nx-phys-isolated,0.32,0.16,0.64,31890.9
sc-sq-nx-phys-isolated,0.16,0.32,0.64,34892.68
sc-sq-nx-phys-isolated,0.64,0.16,0.32,31316.86
sc-sq-nx-phys-isolated,0.64,0.32,0.32,76223.18
sc-sq-nx-phys-isolated,0.16,0.32,0.16,19782.49
sc-sq-nx-phys-isolated,0.16,0.32,0.64,37247.64
sc-sq-nx-phys-isolated,0.32,0.16,0.32,37557.61
sc-sq-nx-phys-isolated,0.16,0.64,0.16,38771.45
sc-sq-nx-phys-isolated,0.32,0.16,0.32,34193.86
sc-sq-nx-phys-isolated,0.32,0.16,0.16,27450.04
sc-sq-nx-phys-isolated,0.16,0.64,0.64,36538.98
sc-sq-nx-phys-isolated,0.64,0.32,0.32,70787.01
sc-sq-nx-phys-isolated,0.32,0.64,0.64,88597.39
sc-sq-nx-phys-isolated,0.16,0.16,0.32,36416.59
sc-sq-nx-phys-isolated,0.16,0.32,0.64,39666.98
sc-sq-nx-phys-isolated,0.32,0.16,0.64,43064.89
sc-sq-nx-phys-isolated,0.64,0.32,0.32,90567.68
sc-sq-nx-phys-isolated,0.32,0.32,0.64,95425.95
sc-sq-nx-phys-isolated,0.64,0.32,0.16,47972.79
sc-sq-nx-phys-isolated,0.16,0.16,0.16,35985.57
sc-sq-nx-phys-isolated,0.64,0.64,0.64,42269.12
sc-sq-nx-phys-isolated,0.32,0.64,0.32,51200.35
sc-sq-nx-phys-isolated,0.64,0.16,0.64,38026.04
sc-sq-nx-phys-isolated,0.16,0.32,0.64,13073.32
sc-sq-nx-phys-isolated,0.32,0.32,0.32,65807.91
sc-sq-nx-phys-isolated,0.64,0.64,0.64,162060.31
sc-sq-nx-phys-isolated,0.64,0.32,0.16,22128.33
sc-sq-nx-phys-isolated,0.32,0.64,0.32,77956.04
sc-sq-nx-phys-isolated,0.64,0.32,0.16,47452.79
sc-sq-nx-phys-isolated,0.32,0.16,0.32,40618.97
sc-sq-nx-phys-isolated,0.32,0.32,0.16,36973.52
sc-sq-nx-phys-isolated,0.32,0.16,0.16,23018.12
sc-sq-nx-phys-isolated,0.64,0.32,0.64,71855.04
sc-sq-nx-phys-isolated,0.64,0.64,0.16,38979.56
sc-sq-nx-phys-isolated,0.16,0.64,0.16,40096.76
sc-sq-nx-phys-isolated,0.64,0.64,0.16,45279.56
sc-sq-nx-phys-isolated,0.64,0.32,0.64,68997.06
sc-sq-nx-phys-isolated,0.16,0.32,0.64,12517.37
sc-sq-nx-phys-isolated,0.32,0.16,0.64,31883.12
sc-sq-nx-phys-isolated,0.64,0.64,0.64,162272.92
sc-sq-nx-phys-isolated,0.32,0.32,0.16,41917.78
sc-sq-nx-phys-isolated,0.64,0.64,0.32,46971.68
sc-sq-nx-phys-isolated,0.16,0.32,0.16,36695.07
sc-sq-nx-phys-isolated,0.16,0.16,0.32,39540.32
sc-sq-nx-phys-isolated,0.32,0.16,0.64,39775.38
sc-sq-nx-phys-isolated,0.16,0.16,0.16,37591.65
sc-sq-nx-phys-isolated,0.16,0.32,0.16,19435.85
sc-sq-nx-phys-isolated,0.32,0.16,0.32,33742.75
sc-sq-nx-phys-isolated,0.16,0.32,0.16,40072.52
sc-sq-nx-phys-isolated,0.64,0.16,0.16,31032.46
sc-sq-nx-phys-isolated,0.16,0.16,0.32,35455.03
sc-sq-nx-phys-isolated,0.16,0.16,0.16,36063.81
sc-sq-nx-phys-isolated,0.32,0.32,0.64,93799.6
sc-sq-nx-phys-isolated,0.64,0.64,0.64,164831.32
sc-sq-nx-phys-isolated,0.32,0.32,0.32,79748.71
sc-sq-nx-phys-isolated,0.64,0.64,0.32,87647.95
sc-sq-nx-phys-isolated,0.32,0.64,0.32,46900.11
sc-sq-nx-phys-isolated,0.32,0.64,0.64,84530.65
sc-sq-nx-phys-isolated,0.32,0.16,0.32,29345.62
sc-sq-nx-phys-isolated,0.32,0.32,0.64,86479.22
sc-sq-nx-phys-isolated,0.64,0.64,0.32,93248.08
sc-sq-nx-phys-isolated,0.64,0.64,0.32,82672.43
sc-sq-nx-phys-isolated,0.32,0.32,0.32,85534.93
sc-sq-nx-phys-isolated,0.16,0.64,0.64,36278.66
sc-sq-nx-phys-isolated,0.32,0.32,0.16,19520.02
sc-sq-nx-phys-isolated,0.64,0.16,0.32,30278.22
sc-sq-nx-phys-isolated,0.16,0.64,0.32,44912.98
sc-sq-nx-phys-isolated,0.32,0.16,0.32,37340.05
sc-sq-nx-phys-isolated,0.32,0.64,0.16,27170.97
sc-sq-nx-phys-isolated,0.16,0.64,0.64,35438.68
sc-sq-nx-phys-isolated,0.32,0.32,0.16,28236.88
sc-sq-nx-phys-isolated,0.64,0.16,0.64,29261.51
sc-sq-nx-phys-isolated,0.32,0.64,0.64,87018.83
sc-sq-nx-phys-isolated,0.32,0.64,0.16,19712.38
sc-sq-nx-phys-isolated,0.16,0.64,0.32,34542.73
sc-sq-nx-phys-isolated,0.64,0.16,0.64,38579.72
sc-sq-nx-phys-isolated,0.64,0.64,0.32,48028.88
sc-sq-nx-phys-isolated,0.32,0.32,0.32,52348.33
sc-sq-nx-phys-isolated,0.64,0.32,0.16,26509.06
sc-sq-nx-phys-isolated,0.16,0.64,0.16,19701.16
sc-sq-nx-phys-isolated,0.32,0.64,0.16,46552.87
sc-sq-nx-phys-isolated,0.16,0.16,0.16,19566.17
sc-sq-nx-phys-isolated,0.32,0.16,0.16,28117.67
sc-sq-nx-phys-isolated,0.32,0.16,0.32,37284.49
sc-sq-nx-phys-isolated,0.16,0.16,0.32,40796.72
sc-sq-nx-phys-isolated,0.16,0.32,0.64,34470.6
sc-sq-nx-phys-isolated,0.32,0.32,0.32,79124.15
sc-sq-nx-phys-isolated,0.64,0.32,0.16,19802
sc-sq-nx-phys-isolated,0.16,0.16,0.16,40075.27
sc-sq-nx-phys-isolated,0.32,0.16,0.16,34523.27
sc-sq-nx-phys-isolated,0.64,0.64,0.16,46063.81
sc-sq-nx-phys-isolated,0.32,0.32,0.32,48622.51
sc-sq-nx-phys-isolated,0.64,0.16,0.16,33692.63
sc-sq-nx-phys-isolated,0.64,0.32,0.32,73146.92
sc-sq-nx-phys-isolated,0.32,0.64,0.16,39917.96
sc-sq-nx-phys-isolated,0.16,0.16,0.64,35775.29
sc-sq-nx-phys-isolated,0.64,0.16,0.32,39528
sc-sq-nx-phys-isolated,0.32,0.16,0.64,36477
sc-sq-nx-phys-isolated,0.32,0.16,0.32,38483.06
sc-sq-nx-phys-isolated,0.64,0.16,0.64,40395.8
sc-sq-nx-phys-isolated,0.64,0.32,0.16,19268.82
sc-sq-nx-phys-isolated,0.16,0.16,0.64,36933.93
sc-sq-nx-phys-isolated,0.32,0.32,0.64,82881.86
sc-sq-nx-phys-isolated,0.16,0.32,0.32,42622.41
sc-sq-nx-phys-isolated,0.32,0.64,0.32,93035.38
sc-sq-nx-phys-isolated,0.32,0.64,0.32,49193.04
sc-sq-nx-phys-isolated,0.64,0.32,0.64,67681.1
sc-sq-nx-phys-isolated,0.64,0.16,0.32,28901.57
sc-sq-nx-phys-isolated,0.32,0.32,0.16,31499.79
sc-sq-nx-phys-isolated,0.32,0.64,0.64,84154.69
sc-sq-nx-phys-isolated,0.16,0.64,0.64,39548.35
sc-sq-nx-phys-isolated,0.32,0.16,0.64,38688.63
sc-sq-nx-phys-isolated,0.32,0.32,0.32,76895.16
sc-sq-nx-phys-isolated,0.32,0.64,0.16,43511.25
sc-sq-nx-phys-isolated,0.64,0.16,0.64,28393.87
sq-nx-sc-phys-isolated,0.32,0.64,0.64,33527.8
sq-nx-sc-phys-isolated,0.16,0.64,0.16,14683.44
sq-nx-sc-phys-isolated,0.64,0.32,0.16,41205.52
sq-nx-sc-phys-isolated,0.64,0.64,0.16,28736.64
sq-nx-sc-phys-isolated,0.16,0.32,0.64,14436.75
sq-nx-sc-phys-isolated,0.32,0.64,0.16,26681.22
sq-nx-sc-phys-isolated,0.32,0.64,0.64,35168.81
sq-nx-sc-phys-isolated,0.32,0.16,0.32,35416.19
sq-nx-sc-phys-isolated,0.64,0.64,0.32,73496.47
sq-nx-sc-phys-isolated,0.32,0.16,0.16,34312.61
sq-nx-sc-phys-isolated,0.32,0.32,0.16,28834.51
sq-nx-sc-phys-isolated,0.64,0.64,0.64,77033
sq-nx-sc-phys-isolated,0.32,0.16,0.64,35356.64
sq-nx-sc-phys-isolated,0.64,0.64,0.64,77635.11
sq-nx-sc-phys-isolated,0.64,0.16,0.32,40911.57
sq-nx-sc-phys-isolated,0.32,0.16,0.16,30699.49
sq-nx-sc-phys-isolated,0.64,0.64,0.16,37458.3
sq-nx-sc-phys-isolated,0.32,0.16,0.32,29491.27
sq-nx-sc-phys-isolated,0.64,0.64,0.32,71779.02
sq-nx-sc-phys-isolated,0.64,0.32,0.64,74536.67
sq-nx-sc-phys-isolated,0.64,0.64,0.32,61103.84
sq-nx-sc-phys-isolated,0.64,0.64,0.64,59117.43
sq-nx-sc-phys-isolated,0.16,0.32,0.32,14827.6
sq-nx-sc-phys-isolated,0.64,0.16,0.16,32176.19
sq-nx-sc-phys-isolated,0.64,0.16,0.16,28318.98
sq-nx-sc-phys-isolated,0.64,0.16,0.64,29181.57
sq-nx-sc-phys-isolated,0.64,0.32,0.32,67170.87
sq-nx-sc-phys-isolated,0.32,0.64,0.64,34353.18
sq-nx-sc-phys-isolated,0.64,0.32,0.32,62470.56
sq-nx-sc-phys-isolated,0.32,0.16,0.32,34153.6
sq-nx-sc-phys-isolated,0.64,0.16,0.64,29052.29
sq-nx-sc-phys-isolated,0.16,0.64,0.16,15103.21
sq-nx-sc-phys-isolated,0.32,0.64,0.64,34921.19
sq-nx-sc-phys-isolated,0.32,0.32,0.32,35472.01
sq-nx-sc-phys-isolated,0.64,0.16,0.64,31451.28
sq-nx-sc-phys-isolated,0.64,0.16,0.32,26653.37
sq-nx-sc-phys-isolated,0.32,0.32,0.32,34878.98
sq-nx-sc-phys-isolated,0.64,0.32,0.32,66613.84
sq-nx-sc-phys-isolated,0.64,0.64,0.64,78319.13
sq-nx-sc-phys-isolated,0.64,0.64,0.16,36635.47
sq-nx-sc-phys-isolated,0.16,0.64,0.32,14908.11
sq-nx-sc-phys-isolated,0.64,0.32,0.64,65389.78
sq-nx-sc-phys-isolated,0.32,0.64,0.32,35076.12
sq-nx-sc-phys-isolated,0.16,0.16,0.16,14786.18
sq-nx-sc-phys-isolated,0.16,0.16,0.16,8344.49
sq-nx-sc-phys-isolated,0.64,0.16,0.32,32780.86
sq-nx-sc-phys-isolated,0.64,0.16,0.64,27101.8
sq-nx-sc-phys-isolated,0.64,0.32,0.64,73280.99
sq-nx-sc-phys-isolated,0.16,0.16,0.32,15715.37
sq-nx-sc-phys-isolated,0.64,0.32,0.16,25468.66
sq-nx-sc-phys-isolated,0.16,0.64,0.16,14438.55
sq-nx-sc-phys-isolated,0.64,0.16,0.64,46496.32
sq-nx-sc-phys-isolated,0.32,0.16,0.16,34831.83
sq-nx-sc-phys-isolated,0.16,0.32,0.32,14804.86
sq-nx-sc-phys-isolated,0.64,0.16,0.32,30715.06
sq-nx-sc-phys-isolated,0.64,0.16,0.32,28739.62
sq-nx-sc-phys-isolated,0.16,0.16,0.32,15168.95
sq-nx-sc-phys-isolated,0.16,0.64,0.64,14996.61
sq-nx-sc-phys-isolated,0.64,0.64,0.32,73621.37
sq-nx-sc-phys-isolated,0.32,0.32,0.32,35604.85
sq-nx-sc-phys-isolated,0.16,0.32,0.64,14909.62
sq-nx-sc-phys-isolated,0.16,0.16,0.64,14014.58
sq-nx-sc-phys-isolated,0.64,0.32,0.64,68788.1
sq-nx-sc-phys-isolated,0.64,0.32,0.32,63963.38
sq-nx-sc-phys-isolated,0.64,0.32,0.32,66314.15
sq-nx-sc-phys-isolated,0.16,0.32,0.64,14932.61
sq-nx-sc-phys-isolated,0.16,0.32,0.32,14743.51
sq-nx-sc-phys-isolated,0.16,0.16,0.64,14678.94
sq-nx-sc-phys-isolated,0.64,0.64,0.64,75724.06
sq-nx-sc-phys-isolated,0.64,0.16,0.16,26223.48
sq-nx-sc-phys-isolated,0.32,0.16,0.32,35090.06
sq-nx-sc-phys-isolated,0.64,0.32,0.64,69353.32
sq-nx-sc-phys-isolated,0.32,0.64,0.16,33060.45
sq-nx-sc-phys-isolated,0.32,0.16,0.32,34142.65
sq-nx-sc-phys-isolated,0.32,0.32,0.64,35956.26
sq-nx-sc-phys-isolated,0.32,0.16,0.16,31958.83
sq-nx-sc-phys-isolated,0.16,0.64,0.64,15036.84
sq-nx-sc-phys-isolated,0.32,0.32,0.64,33640.81
sq-nx-sc-phys-isolated,0.32,0.32,0.64,34920.8
sq-nx-sc-phys-isolated,0.16,0.16,0.32,14744.25
sq-nx-sc-phys-isolated,0.32,0.64,0.64,34924.05
sq-nx-sc-phys-isolated,0.64,0.16,0.32,32585.58
sq-nx-sc-phys-isolated,0.32,0.32,0.32,32440.32
sq-nx-sc-phys-isolated,0.64,0.64,0.32,65088.54
sq-nx-sc-phys-isolated,0.16,0.16,0.16,15041.22
sq-nx-sc-phys-isolated,0.32,0.16,0.64,30157.71
sq-nx-sc-phys-isolated,0.64,0.32,0.32,45046.36
sq-nx-sc-phys-isolated,0.16,0.64,0.64,15169.08
sq-nx-sc-phys-isolated,0.64,0.16,0.16,39426.27
sq-nx-sc-phys-isolated,0.16,0.16,0.16,14827.02
sq-nx-sc-phys-isolated,0.16,0.32,0.64,14972.36
sq-nx-sc-phys-isolated,0.16,0.32,0.64,14617.98
sq-nx-sc-phys-isolated,0.32,0.64,0.64,34816.03
sq-nx-sc-phys-isolated,0.64,0.64,0.32,68941.12
sq-nx-sc-phys-isolated,0.64,0.16,0.16,31044.2
sq-nx-sc-phys-isolated,0.16,0.16,0.32,15060.8
sq-nx-sc-phys-isolated,0.32,0.64,0.64,34925.53
sq-nx-sc-phys-isolated,0.32,0.32,0.32,34812.01
sq-nx-sc-phys-isolated,0.16,0.16,0.16,15083.24
sq-nx-sc-phys-isolated,0.32,0.16,0.64,34868.29
sq-nx-sc-phys-isolated,0.32,0.16,0.32,30834.06
sq-nx-sc-phys-isolated,0.16,0.64,0.64,13455.25
sq-nx-sc-phys-isolated,0.16,0.32,0.64,14680.28
sq-nx-sc-phys-isolated,0.16,0.16,0.32,14930.96
sq-nx-sc-phys-isolated,0.64,0.16,0.16,31445.85
sq-nx-sc-phys-isolated,0.32,0.16,0.64,35223.72
sq-nx-sc-phys-isolated,0.16,0.16,0.64,15124.23
sq-nx-sc-phys-isolated,0.32,0.32,0.16,33978.85
sq-nx-sc-phys-isolated,0.64,0.64,0.64,76227.98
sq-nx-sc-phys-isolated,0.64,0.16,0.32,42759.1
sq-nx-sc-phys-isolated,0.64,0.16,0.16,27939.73
sq-nx-sc-phys-isolated,0.32,0.64,0.16,30742.33
sq-nx-sc-phys-isolated,0.16,0.32,0.32,14281.62
sq-nx-sc-phys-isolated,0.16,0.16,0.64,14680.48
sq-nx-sc-phys-isolated,0.16,0.64,0.16,14890.67
sq-nx-sc-phys-isolated,0.16,0.32,0.64,15016.88
sq-nx-sc-phys-isolated,0.16,0.32,0.32,14303.1
sq-nx-sc-phys-isolated,0.16,0.64,0.64,14868.05
sq-nx-sc-phys-isolated,0.16,0.16,0.32,15038.31
sq-nx-sc-phys-isolated,0.16,0.64,0.64,14739.92
sq-nx-sc-phys-isolated,0.32,0.32,0.16,23959.05
sq-nx-sc-phys-isolated,0.16,0.64,0.32,14478.15
sq-nx-sc-phys-isolated,0.64,0.64,0.16,29161.66
sq-nx-sc-phys-isolated,0.32,0.32,0.16,26675.92
sq-nx-sc-phys-isolated,0.16,0.16,0.64,14498.71
sq-nx-sc-phys-isolated,0.16,0.32,0.32,14870.52
sq-nx-sc-phys-isolated,0.16,0.16,0.32,14600.97
sq-nx-sc-phys-isolated,0.32,0.32,0.16,35096.22
sq-nx-sc-phys-isolated,0.64,0.32,0.64,60545.67
sq-nx-sc-phys-isolated,0.16,0.64,0.32,15039.84
sq-nx-sc-phys-isolated,0.16,0.32,0.16,14997.46
sq-nx-sc-phys-isolated,0.32,0.64,0.64,35402.69
sq-nx-sc-phys-isolated,0.64,0.16,0.16,28545.25
sq-nx-sc-phys-isolated,0.16,0.64,0.32,14890.76
sq-nx-sc-phys-isolated,0.32,0.16,0.64,33702.79
sq-nx-sc-phys-isolated,0.16,0.64,0.16,15169.43
sq-nx-sc-phys-isolated,0.16,0.16,0.32,14498.84
sq-nx-sc-phys-isolated,0.16,0.16,0.16,14976.96
sq-nx-sc-phys-isolated,0.16,0.16,0.64,14929.45
sq-nx-sc-phys-isolated,0.32,0.16,0.64,34756.28
sq-nx-sc-phys-isolated,0.64,0.16,0.64,39976.32
sq-nx-sc-phys-isolated,0.64,0.64,0.32,64867.08
sq-nx-sc-phys-isolated,0.32,0.16,0.16,33327.74
sq-nx-sc-phys-isolated,0.16,0.32,0.64,15059.93
sq-nx-sc-phys-isolated,0.64,0.32,0.64,59427.01
sq-nx-sc-phys-isolated,0.32,0.16,0.16,33486.31
sq-nx-sc-phys-isolated,0.64,0.32,0.64,74226.46
sq-nx-sc-phys-isolated,0.64,0.64,0.16,28336.61
sq-nx-sc-phys-isolated,0.64,0.32,0.32,73671.94
sq-nx-sc-phys-isolated,0.16,0.32,0.32,14765.11
sq-nx-sc-phys-isolated,0.16,0.64,0.16,14303.11
sq-nx-sc-phys-isolated,0.64,0.32,0.32,72174.17
sq-nx-sc-phys-isolated,0.16,0.64,0.64,14598.35
sq-nx-sc-phys-isolated,0.32,0.32,0.64,34415.41
sq-nx-sc-phys-isolated,0.16,0.64,0.32,15322.43
sq-nx-sc-phys-isolated,0.32,0.32,0.32,33762.82
sq-nx-sc-phys-isolated,0.32,0.16,0.16,32906.31
sq-nx-sc-phys-isolated,0.32,0.64,0.32,35441.43
sq-nx-sc-phys-isolated,0.64,0.16,0.16,30948.95
sq-nx-sc-phys-isolated,0.64,0.32,0.64,66611.12
sq-nx-sc-phys-isolated,0.16,0.32,0.64,15436.64
sq-nx-sc-phys-isolated,0.32,0.16,0.16,30281.93
sq-nx-sc-phys-isolated,0.16,0.32,0.16,14518.79
sq-nx-sc-phys-isolated,0.64,0.16,0.32,27524.76
sq-nx-sc-phys-isolated,0.32,0.64,0.16,29368.2
sq-nx-sc-phys-isolated,0.32,0.32,0.64,34014.63
sq-nx-sc-phys-isolated,0.64,0.64,0.64,73288.14
sq-nx-sc-phys-isolated,0.32,0.64,0.32,22376.52
sq-nx-sc-phys-isolated,0.16,0.64,0.32,14417.86
sq-nx-sc-phys-isolated,0.64,0.32,0.16,40513.49
sq-nx-sc-phys-isolated,0.64,0.32,0.16,28227.91
sq-nx-sc-phys-isolated,0.64,0.16,0.64,31270.73
sq-nx-sc-phys-isolated,0.32,0.32,0.64,34973.06
sq-nx-sc-phys-isolated,0.64,0.64,0.16,36267.37
sq-nx-sc-phys-isolated,0.32,0.32,0.32,34447.87
sq-nx-sc-phys-isolated,0.32,0.16,0.64,30286.84
sq-nx-sc-phys-isolated,0.16,0.64,0.16,14786.79
sq-nx-sc-phys-isolated,0.32,0.32,0.16,27635.86
sq-nx-sc-phys-isolated,0.32,0.16,0.64,34475.23
sq-nx-sc-phys-isolated,0.64,0.32,0.16,28464.39
sq-nx-sc-phys-isolated,0.32,0.64,0.16,35054.27
sq-nx-sc-phys-isolated,0.16,0.16,0.16,15148.76
sq-nx-sc-phys-isolated,0.16,0.16,0.64,15436.02
sq-nx-sc-phys-isolated,0.32,0.64,0.32,35399.66
sq-nx-sc-phys-isolated,0.16,0.32,0.32,14826.11
sq-nx-sc-phys-isolated,0.16,0.64,0.16,14912.05
sq-nx-sc-phys-isolated,0.16,0.64,0.64,14476.24
sq-nx-sc-phys-isolated,0.32,0.32,0.32,33214.12
sq-nx-sc-phys-isolated,0.64,0.64,0.64,73969.59
sq-nx-sc-phys-isolated,0.64,0.16,0.32,31120.05
sq-nx-sc-phys-isolated,0.32,0.16,0.32,34130.73
sq-nx-sc-phys-isolated,0.32,0.64,0.16,24836.98
sq-nx-sc-phys-isolated,0.16,0.16,0.16,14379.04
sq-nx-sc-phys-isolated,0.32,0.16,0.16,33321.73
sq-nx-sc-phys-isolated,0.64,0.64,0.16,31491.87
sq-nx-sc-phys-isolated,0.32,0.16,0.32,31565.45
sq-nx-sc-phys-isolated,0.32,0.64,0.64,34422.72
sq-nx-sc-phys-isolated,0.32,0.32,0.64,34075.17
sq-nx-sc-phys-isolated,0.64,0.64,0.16,25566.15
sq-nx-sc-phys-isolated,0.32,0.64,0.64,33221.65
sq-nx-sc-phys-isolated,0.16,0.64,0.16,14803.86
sq-nx-sc-phys-isolated,0.64,0.32,0.16,39670.16
sq-nx-sc-phys-isolated,0.32,0.32,0.16,24493.7
sq-nx-sc-phys-isolated,0.64,0.32,0.16,30307.59
sq-nx-sc-phys-isolated,0.16,0.64,0.64,15436.38
sq-nx-sc-phys-isolated,0.64,0.16,0.64,31922.96
sq-nx-sc-phys-isolated,0.16,0.32,0.16,14262.25
sq-nx-sc-phys-isolated,0.16,0.16,0.16,14805.9
sq-nx-sc-phys-isolated,0.64,0.64,0.64,76957.97
sq-nx-sc-phys-isolated,0.32,0.32,0.16,28597.26
sq-nx-sc-phys-isolated,0.16,0.32,0.32,14498.02
sq-nx-sc-phys-isolated,0.64,0.16,0.64,32173.32
sq-nx-sc-phys-isolated,0.32,0.16,0.32,35406.71
sq-nx-sc-phys-isolated,0.64,0.16,0.16,34791.31
sq-nx-sc-phys-isolated,0.16,0.16,0.64,14931.2
sq-nx-sc-phys-isolated,0.32,0.64,0.32,34576.86
sq-nx-sc-phys-isolated,0.32,0.32,0.64,34702.08
sq-nx-sc-phys-isolated,0.16,0.32,0.16,15020.55
sq-nx-sc-phys-isolated,0.32,0.64,0.32,34582.63
sq-nx-sc-phys-isolated,0.32,0.64,0.32,33433.21
sq-nx-sc-phys-isolated,0.16,0.32,0.16,14763.86
sq-nx-sc-phys-isolated,0.16,0.32,0.16,15168.99
sq-nx-sc-phys-isolated,0.32,0.64,0.32,33743.87
sq-nx-sc-phys-isolated,0.32,0.64,0.16,32608.2
sq-nx-sc-phys-isolated,0.32,0.32,0.64,33484.49
sq-nx-sc-phys-isolated,0.16,0.32,0.16,14913.28
sq-nx-sc-phys-isolated,0.16,0.32,0.16,14912.18
sq-nx-sc-phys-isolated,0.32,0.64,0.32,32902.53
sq-nx-sc-phys-isolated,0.64,0.64,0.32,61718.17
sq-nx-sc-phys-isolated,0.64,0.64,0.64,73820.48
sq-nx-sc-phys-isolated,0.16,0.32,0.32,14300.99
sq-nx-sc-phys-isolated,0.64,0.32,0.16,34347.24
sq-nx-sc-phys-isolated,0.64,0.64,0.32,74715.68
sq-nx-sc-phys-isolated,0.32,0.16,0.16,29159.28
sq-nx-sc-phys-isolated,0.16,0.64,0.32,14997.56
sq-nx-sc-phys-isolated,0.64,0.32,0.32,66301.39
sq-nx-sc-phys-isolated,0.64,0.32,0.32,39617.28
sq-nx-sc-phys-isolated,0.64,0.64,0.32,57732.02
sq-nx-sc-phys-isolated,0.16,0.64,0.32,14700.37
sq-nx-sc-phys-isolated,0.16,0.32,0.16,14767.28
sq-nx-sc-phys-isolated,0.32,0.64,0.32,34244.32
sq-nx-sc-phys-isolated,0.64,0.16,0.32,43557.96
sq-nx-sc-phys-isolated,0.64,0.32,0.64,70020.75
sq-nx-sc-phys-isolated,0.32,0.16,0.64,30331.9
sq-nx-sc-phys-isolated,0.16,0.16,0.64,14638.4
sq-nx-sc-phys-isolated,0.16,0.16,0.16,15305.17
sq-nx-sc-phys-isolated,0.32,0.32,0.32,35460.3
sq-nx-sc-phys-isolated,0.16,0.64,0.32,14997.19
sq-nx-sc-phys-isolated,0.32,0.64,0.16,29689.39
sq-nx-sc-phys-isolated,0.32,0.64,0.16,34876.83
sq-nx-sc-phys-isolated,0.16,0.16,0.32,14974.51
sq-nx-sc-phys-isolated,0.32,0.16,0.64,34706.15
sq-nx-sc-phys-isolated,0.64,0.64,0.16,28806.62
sq-nx-sc-phys-isolated,0.64,0.32,0.16,26353.78
sq-nx-sc-phys-isolated,0.64,0.32,0.16,27194.13
sq-nx-sc-phys-isolated,0.32,0.32,0.16,31329.09
sq-nx-sc-phys-isolated,0.64,0.16,0.64,43956.37
sq-nx-sc-phys-isolated,0.32,0.32,0.16,34256.03
sq-nx-sc-phys-isolated,0.32,0.32,0.64,34998.02
sq-nx-sc-phys-isolated,0.16,0.64,0.16,14997.21
sq-nx-sc-phys-isolated,0.16,0.16,0.64,14436.86
sq-nx-sc-phys-isolated,0.16,0.32,0.16,14764.17
sq-nx-sc-phys-isolated,0.16,0.64,0.32,14911.11
sq-nx-sc-phys-isolated,0.32,0.64,0.16,27220.09
sq-nx-sc-phys-isolated,0.16,0.32,0.64,14639.01
sq-nx-sc-phys-isolated,0.32,0.32,0.32,35075.42
sq-nx-sc-phys-isolated,0.32,0.16,0.32,34473.32
sq-nx-sc-phys-isolated,0.64,0.64,0.16,39255.48
sq-nx-sc-phys-isolated,0.16,0.16,0.32,14419.69
sq-nx-sc-phys-isolated,0.16,0.64,0.64,14577.88